ARREST_KEY,ARREST_DATE,PD_CD,PD_DESC,KY_CD,OFNS_DESC,LAW_CODE,LAW_CAT_CD,ARREST_BORO,ARREST_PRECINCT,JURISDICTION_CODE,AGE_GROUP,PERP_SEX,PERP_RACE,X_COORD_CD,Y_COORD_CD,Longitude,Latitude
"234233843,09/29/2021,105,""STRANGULATION 1ST"",106,FELONY ASSAULT,PL 1211200,F,B,42,0,25-44,M,BLACK,1009231,240290,-7390973778899990,4082618898100000"
"234129823,09/27/2021,157,""RAPE 1"",104,RAPE,PL 1303501,F,K,77,0,25-44,M,BLACK,1003606,185050,-7393022154099990,4067458330800000"
"234040747,09/25/2021,109,""ASSAULT 2,1,UNCLASSIFIED"",106,FELONY ASSAULT,PL 1200501,F,Q,101,0,25-44,M,BLACK,1049232,159210,-7376598558899990,4060344094100000"
"234047720,09/25/2021,101,""ASSAULT 3"",344,ASSAULT 3 & RELATED OFFENSES,PL 1200001,M,B,44,0,25-44,M,BLACK,1006537,244511,-7391945797099990,4083778161800000"
"234042526,09/25/2021,101,""ASSAULT 3"",344,ASSAULT 3 & RELATED OFFENSES,PL 1200001,M,B,44,0,25-44,M,BLACK,1007418,243859,-7391627635999990,4083598980000000"
234006839,09/24/2021,582,,,,PL 2225501,F,M,23,0,25-44,M,BLACK,998659,228177,-7394796350499990,4079296572700000
"233952333,09/23/2021,397,""ROBBERY,OPEN AREA UNCLASSIFIED"",105,ROBBERY,PL 1600500,F,K,75,0,18-24,M,BLACK,1017119,183909,-7388151172399990,4067141166300000"
"233878488,09/21/2021,105,""STRANGULATION 1ST"",106,FELONY ASSAULT,PL 1211300,F,B,40,0,25-44,M,WHITE,1010679,234533,-7390452841699990,4081038342800000"
"233784866,09/19/2021,101,""ASSAULT 3"",344,ASSAULT 3 & RELATED OFFENSES,PL 1200001,M,B,44,0,25-44,F,BLACK,1004489,237844,-73926879392,4081948754300000"
"233647454,09/16/2021,397,""ROBBERY,OPEN AREA UNCLASSIFIED"",105,ROBBERY,PL 1601503,F,K,61,0,18-24,M,BLACK,995834,161062,-7395828138999990,4060875497300000"
"233424190,09/11/2021,157,""RAPE 1"",104,RAPE,PL 1303501,F,Q,104,0,25-44,M,BLACK,1013764,195875,-7389355375999990,4070426739000000"
"233313873,09/09/2021,101,""ASSAULT 3"",344,ASSAULT 3 & RELATED OFFENSES,PL 1200001,M,B,40,0,45-64,M,BLACK,1005041,234533,-7392489531099990,40810398494000000"
"233149743,09/05/2021,244,""BURGLARY,UNCLASSIFIED,UNKNOWN"",107,BURGLARY,PL 1402000,F,B,48,0,45-64,M,WHITE HISPANIC,1011811,246833,-7390038861799990,40844139945000000"
"232950216,08/31/2021,166,""SODOMY 2"",116,SEX CRIMES,PL 1304501,F,Q,108,0,25-44,M,WHITE,996793,210001,-7395473646099990,4074308016800000"
"232880758,08/29/2021,101,""ASSAULT 3"",344,ASSAULT 3 & RELATED OFFENSES,PL 1200001,M,B,52,0,25-44,M,WHITE HISPANIC,1008801,253511,-7391124310099990,40862477943000000"
"232808098,08/27/2021,157,""RAPE 1"",104,RAPE,PL 1303504,F,K,77,0,45-64,M,WHITE HISPANIC,1003606,185050,-7393022154099990,4067458330800000"
"232644643,08/24/2021,153,""RAPE 3"",104,RAPE,PL 1302503,F,K,77,0,25-44,M,BLACK,1003606,185050,-7393022154099990,4067458330800000"
"232582509,08/22/2021,101,""ASSAULT 3"",344,ASSAULT 3 & RELATED OFFENSES,PL 1200001,M,M,24,0,25-44,M,BLACK,993217,231662,-7396761257299990,4080253830200000"
"232534290,08/21/2021,157,""RAPE 1"",104,RAPE,PL 1303501,F,M,32,0,45-64,M,BLACK,999358,236472,-7394542041099990,4081573205300000"
"232551911,08/21/2021,263,""ARSON 2,3,4"",114,ARSON,PL 1500501,F,M,18,0,45-64,M,BLACK,987595,216089,-7398792703499990,4075979845300000"
"232272176,08/15/2021,397,""ROBBERY,OPEN AREA UNCLASSIFIED"",105,ROBBERY,PL 1600500,F,K,60,1,45-64,M,BLACK,989547,148969,-7398093364699990,4057556809600000"
"232136706,08/12/2021,109,""ASSAULT 2,1,UNCLASSIFIED"",106,FELONY ASSAULT,PL 1200501,F,K,67,0,25-44,F,BLACK,997897,175677,-7395082189999990,4064886713300000"
"232064905,08/11/2021,105,""STRANGULATION 1ST"",106,FELONY ASSAULT,PL 1211200,F,B,44,0,25-44,M,BLACK,1004104,241766,-7392825876399990,4083025319100000"
"232057459,08/10/2021,105,""STRANGULATION 1ST"",106,FELONY ASSAULT,PL 1211200,F,K,62,0,25-44,M,WHITE,985875,155234,-7399415036499990,4059276571300000"
"232004916,08/09/2021,101,""ASSAULT 3"",344,ASSAULT 3 & RELATED OFFENSES,PL 1200001,M,B,49,0,45-64,M,WHITE,1022868,250911,-73860402229,4085529140400000"
"231883145,08/06/2021,109,""ASSAULT 2,1,UNCLASSIFIED"",106,FELONY ASSAULT,PL 1201003,F,Q,105,0,25-44,M,BLACK,1057767,203993,-7373476084899990,40726293088000000"
"231814349,08/05/2021,748,""CONTEMPT,CRIMINAL"",359,OFFENSES AGAINST PUBLIC ADMINI,PL 2155006,M,M,30,0,25-44,M,BLACK,1000365,240994,-7394177153899990,40828141885000000"
"231682136,08/02/2021,515,""CONTROLLED SUBSTANCE,SALE 3"",117,DANGEROUS DRUGS,PL 2203901,F,B,42,0,18-24,M,BLACK,1012461,242851,-7389805609499990,4083320846400000"
"230713852,07/11/2021,101,""ASSAULT 3"",344,ASSAULT 3 & RELATED OFFENSES,PL 1200001,M,K,81,0,25-44,M,BLACK,1001140,190045,-7393909914299990,4068829849400000"
"230537081,07/07/2021,105,""STRANGULATION 1ST"",106,FELONY ASSAULT,PL 1211200,F,M,26,0,25-44,M,BLACK,996343,236150,-7395631335299990,40814852894000000"
"230530210,07/07/2021,779,""PUBLIC ADMINISTRATION,UNCLASSI"",126,MISCELLANEOUS PENAL LAW,PL 215510D,F,S,122,0,25-44,M,BLACK,956215,154765,-7410094398399990,40591434210000000"
"230531262,07/07/2021,681,""CHILD, ENDANGERING WELFARE"",233,SEX CRIMES,PL 2601001,M,Q,105,0,25-44,M,BLACK,1057636,203954,-7373523390399990,4072618713000000"
"230459212,07/05/2021,157,""RAPE 1"",104,RAPE,PL 1303503,F,K,73,0,25-44,M,BLACK,1008276,183623,-7391339091999990,40670655072000000"
"230221189,06/29/2021,109,""ASSAULT 2,1,UNCLASSIFIED"",106,FELONY ASSAULT,PL 1200501,F,Q,105,0,25-44,F,BLACK,1051945,180331,-7375600360799990,4066139308900000"
"230213160,06/29/2021,729,""FORGERY,ETC.,UNCLASSIFIED-FELO"",113,FORGERY,PL 1701004,F,Q,103,1,45-64,M,BLACK,1037559,194576,-7380774319999990,4070059059000000"
"230034973,06/24/2021,105,""STRANGULATION 1ST"",106,FELONY ASSAULT,PL 1211200,F,Q,102,0,25-44,M,BLACK,1030111,196599,-7383459047299990,40706184974000000"
"229750961,06/18/2021,157,""RAPE 1"",104,RAPE,PL 1303504,F,B,46,0,45-64,M,BLACK HISPANIC,1011881,250411,-7390012087499990,4085396027400000"
"229419746,06/11/2021,157,""RAPE 1"",104,RAPE,PL 1303501,F,Q,112,0,25-44,M,WHITE HISPANIC,1025420,202485,-7385147389399990,4072236368700000"
"229363274,06/10/2021,101,""ASSAULT 3"",344,ASSAULT 3 & RELATED OFFENSES,PL 1200001,M,B,47,0,25-44,M,BLACK,1021782,256462,-7386429688999990,40870531890000000"
"228885618,05/30/2021,109,""ASSAULT 2,1,UNCLASSIFIED"",106,FELONY ASSAULT,PL 1200502,F,Q,113,0,25-44,M,BLACK,1044016,189890,-7378449777499990,4068768738800000"
"228839426,05/29/2021,157,""RAPE 1"",104,RAPE,PL 1303502,F,Q,112,0,45-64,M,BLACK,1025420,202485,-7385147389399990,4072236368700000"
"227995603,05/11/2021,105,""STRANGULATION 1ST"",106,FELONY ASSAULT,PL 1211200,F,B,44,0,25-44,M,BLACK,1006537,244511,-7391945797099990,4083778161800000"
"227917751,05/09/2021,109,""ASSAULT 2,1,UNCLASSIFIED"",106,FELONY ASSAULT,PL 1200502,F,K,61,0,25-44,F,BLACK,1002184,155832,-7393542560699990,40594389111000000"
"227733114,05/05/2021,293,""CONSPIRACY 2, 1"",126,MISCELLANEOUS PENAL LAW,PL 1051500,F,K,88,0,25-44,M,BLACK,991368,192539,-7397433257999990,4069515720300000"
"227394148,04/27/2021,105,""STRANGULATION 1ST"",106,FELONY ASSAULT,PL 1211300,F,K,88,0,25-44,M,WHITE,995302,190524,-7396014913199990,4068962245400000"
"227166986,04/20/2021,101,""ASSAULT 3"",344,ASSAULT 3 & RELATED OFFENSES,PL 1200001,M,B,42,0,25-44,F,BLACK,1016105,242923,-7388488753899990,4083339369200000"
"227073285,04/18/2021,263,""ARSON 2,3,4"",114,ARSON,PL 1500501,F,Q,113,71,25-44,F,BLACK,1044392,186720,-7378317029599990,4067898393900000"
"226851227,04/13/2021,109,""ASSAULT 2,1,UNCLASSIFIED"",106,FELONY ASSAULT,PL 1200502,F,M,13,0,25-44,M,BLACK,988972,207813,-7398296229999990,40737082284000000"
"226733135,04/09/2021,157,""RAPE 1"",104,RAPE,PL 1303501,F,B,42,2,25-44,M,BLACK,1008798,238971,-7391130716899990,4082256991600000"
"226663755,04/08/2021,681,""CHILD, ENDANGERING WELFARE"",233,SEX CRIMES,PL 2601001,M,M,20,0,18-24,M,BLACK,991168,224929,-7397502051299990,40784059874000000"
"226616532,04/07/2021,109,""ASSAULT 2,1,UNCLASSIFIED"",106,FELONY ASSAULT,PL 1200501,F,B,50,0,25-44,F,BLACK,1010984,261034,-7390332096899990,4088311992000000"
"226611132,04/07/2021,155,""RAPE 2"",104,RAPE,PL 1303001,F,Q,112,0,18-24,M,WHITE HISPANIC,1025420,202485,-7385147389399990,4072236368700000"
"226611126,04/07/2021,244,""BURGLARY,UNCLASSIFIED,UNKNOWN"",107,BURGLARY,PL 1402000,F,Q,102,0,45-64,M,WHITE HISPANIC,1031076,193779,-7383112953899990,4069843969400000"
"226230315,03/29/2021,105,""STRANGULATION 1ST"",106,FELONY ASSAULT,PL 1211200,F,Q,103,0,25-44,M,BLACK,1039024,192717,-7380247483099990,4069547913400000"
"226210379,03/28/2021,157,""RAPE 1"",104,RAPE,PL 1303501,F,B,49,0,45-64,M,BLACK,1027295,251236,-7384439712399990,4085616295700000"
"226086805,03/25/2021,153,""RAPE 3"",104,RAPE,PL 1302503,F,Q,112,0,45-64,M,WHITE HISPANIC,1025420,202485,-7385147389399990,4072236368700000"
"226078625,03/24/2021,177,""SEXUAL ABUSE"",116,SEX CRIMES,PL 1306501,F,K,61,0,25-44,M,WHITE,995244,155739,-7396041495199990,4059414516900000"
"225996495,03/23/2021,397,""ROBBERY,OPEN AREA UNCLASSIFIED"",105,ROBBERY,PL 1601504,F,K,84,0,25-44,M,BLACK,987042,193563,-7398993253599990,40697970267000000"
"225959352,03/22/2021,263,""ARSON 2,3,4"",114,ARSON,PL 1501500,F,K,73,71,25-44,M,BLACK,1010165,181388,-7390658992299990,40664515169000000"
"225900071,03/21/2021,157,""RAPE 1"",104,RAPE,PL 1303504,F,B,43,0,25-44,M,WHITE HISPANIC,1020316,239179,-7386969046099990,4082310129900000"
"225646955,03/15/2021,244,""BURGLARY,UNCLASSIFIED,UNKNOWN"",107,BURGLARY,PL 1402000,F,K,94,0,25-44,M,WHITE,1000216,205314,-7394239471599990,4073020999400000"
"225579544,03/13/2021,105,""STRANGULATION 1ST"",106,FELONY ASSAULT,PL 1211200,F,K,60,0,25-44,M,BLACK,985897,148507,-7399407278899990,40574301425000000"
"225518234,03/12/2021,339,""LARCENY,PETIT FROM OPEN AREAS,"",341,PETIT LARCENY,PL 1552500,M,M,24,0,25-44,M,BLACK,993575,228739,-7396632353299990,40794515091000000"
"225409428,03/10/2021,397,""ROBBERY,OPEN AREA UNCLASSIFIED"",105,ROBBERY,PL 1600500,F,B,42,0,25-44,M,BLACK,1008691,238872,-7391169413099990,4082229848500000"
"225393050,03/10/2021,101,""ASSAULT 3"",344,ASSAULT 3 & RELATED OFFENSES,PL 1200001,M,B,45,0,45-64,M,BLACK,1031195,256988,-73830258669,4087193055400000"
"225232624,03/06/2021,105,""STRANGULATION 1ST"",106,FELONY ASSAULT,PL 1211200,F,M,6,0,25-44,M,WHITE,982560,208859,-7400610000799990,4073995439300000"
"225177282,03/05/2021,748,""CONTEMPT,CRIMINAL"",359,OFFENSES AGAINST PUBLIC ADMINI,PL 2155003,M,M,9,0,25-44,M,WHITE HISPANIC,987633,203880,-7398779600499990,4072628777500000"
"225138663,03/04/2021,729,""FORGERY,ETC.,UNCLASSIFIED-FELO"",113,FORGERY,PL 1657200,F,M,14,0,45-64,M,BLACK,989809,214265,-7397993668799990,4075479092300000"
"225124668,03/04/2021,105,""STRANGULATION 1ST"",106,FELONY ASSAULT,PL 1211200,F,K,73,0,45-64,M,BLACK,1008228,183789,-7391356336299990,4067111083400000"
"225007485,03/01/2021,101,""ASSAULT 3"",344,ASSAULT 3 & RELATED OFFENSES,PL 1200001,M,K,75,0,25-44,M,BLACK,1012615,181279,-7389775927899990,40664208479000000"
"224939411,02/28/2021,105,""STRANGULATION 1ST"",106,FELONY ASSAULT,PL 1211200,F,K,73,0,25-44,M,BLACK,1008228,183789,-7391356336299990,4067111083400000"
"224828178,02/25/2021,105,""STRANGULATION 1ST"",106,FELONY ASSAULT,PL 1211200,F,B,42,0,18-24,M,BLACK,1008691,238872,-7391169413099990,4082229848500000"
"224231712,02/11/2021,175,""SEXUAL ABUSE 3,2"",233,SEX CRIMES,PL 13052A1,M,M,5,0,25-44,M,BLACK,984946,200203,-7399749074599990,40716195914000000"
"224112668,02/08/2021,105,""STRANGULATION 1ST"",106,FELONY ASSAULT,PL 1211200,F,B,44,0,25-44,M,BLACK,1007509,244581,-7391594499799990,40837971242000000"
"224041239,02/06/2021,101,""ASSAULT 3"",344,ASSAULT 3 & RELATED OFFENSES,PL 1200001,M,Q,114,0,25-44,M,BLACK,1007694,219657,-7391536344699990,4076956124200000"
"224043397,02/06/2021,101,""ASSAULT 3"",344,ASSAULT 3 & RELATED OFFENSES,PL 1200001,M,M,18,0,25-44,M,BLACK,988211,218129,-7398570226399990,40765397475000000"
"223994723,02/05/2021,175,""SEXUAL ABUSE 3,2"",233,SEX CRIMES,PL 1306002,M,B,41,0,45-64,M,BLACK,1013232,236725,-7389529641399990,40816391847000000"
"223988762,02/05/2021,101,""ASSAULT 3"",344,ASSAULT 3 & RELATED OFFENSES,PL 1200001,M,B,47,0,25-44,M,BLACK,1026486,262591,-7384725001299990,4088733281800000"
"223782194,01/31/2021,101,""ASSAULT 3"",344,ASSAULT 3 & RELATED OFFENSES,PL 1200001,M,Q,107,0,25-44,M,BLACK,1035562,206811,-7381485207099990,40734184466000000"
"223791186,01/31/2021,729,""FORGERY,ETC.,UNCLASSIFIED-FELO"",113,FORGERY,PL 1701501,F,K,75,0,25-44,M,BLACK,1015385,178908,-7388778572099990,4065769130300000"
"223671547,01/28/2021,105,""STRANGULATION 1ST"",106,FELONY ASSAULT,PL 1211200,F,B,42,0,45-64,M,BLACK,1008051,239452,-7391400444399990,4082389216900000"
"223467709,01/23/2021,750,""RESISTING ARREST"",359,OFFENSES AGAINST PUBLIC ADMINI,PL 2053000,M,K,63,0,18-24,M,BLACK,1002985,168038,-7393250754599990,4062789040900000"
"223080532,01/14/2021,397,""ROBBERY,OPEN AREA UNCLASSIFIED"",105,ROBBERY,PL 1601502,F,M,24,0,18-24,M,BLACK,993373,229301,-7396705230699990,4079605784000000"
"223009025,01/13/2021,175,""SEXUAL ABUSE 3,2"",233,SEX CRIMES,PL 13052A1,M,B,41,0,45-64,M,WHITE HISPANIC,1013232,236725,-7389529641399990,40816391847000000"
"222835726,01/09/2021,101,""ASSAULT 3"",344,ASSAULT 3 & RELATED OFFENSES,PL 1200001,M,M,24,0,25-44,M,BLACK,991123,226599,-7397518129899990,4078864361400000"
"222671436,01/06/2021,157,""RAPE 1"",104,RAPE,PL 1303501,F,Q,112,0,25-44,M,ASIAN / PACIFIC ISLANDER,1025420,202485,-7385147389399990,4072236368700000"
"222545992,01/03/2021,101,""ASSAULT 3"",344,ASSAULT 3 & RELATED OFFENSES,PL 1200001,M,K,63,0,25-44,M,BLACK,1002249,166679,-7393516264999990,40624161766000000"
"232909600,08/30/2021,109,""ASSAULT 2,1,UNCLASSIFIED"",106,FELONY ASSAULT,PL 1200501,F,M,10,0,25-44,M,WHITE,985309,215677,-7399617885299990,4075866818700000"
"234093160,09/26/2021,490,""STOLEN PROPERTY 3,POSSESSION"",232,POSSESSION OF STOLEN PROPERTY,PL 1654000,M,K,75,0,<18,M,WHITE HISPANIC,1018476,187132,-7387660350299990,4068025292300000"
"233475134,09/13/2021,922,""TRAFFIC,UNCLASSIFIED MISDEMEAN"",348,VEHICLE AND TRAFFIC LAWS,VTL0511001,M,S,122,0,25-44,M,WHITE,954827,148519,-7410591440499990,4057428568800000"
"234237578,09/29/2021,511,""CONTROLLED SUBSTANCE, POSSESSI"",235,DANGEROUS DRUGS,PL 2200300,M,B,52,0,25-44,M,BLACK,1013463,254828,-7389438301399990,4086607851200000"
"232962888,08/31/2021,904,""INTOXICATED DRIVING,ALCOHOL"",119,INTOXICATED/IMPAIRED DRIVING,VTL11920D3,F,K,63,0,25-44,M,ASIAN / PACIFIC ISLANDER,1008344,166750,-7391320605399990,4062434216700000"
"232287414,08/15/2021,847,""NY STATE LAWS,UNCLASSIFIED FEL"",125,NYS LAWS-UNCLASSIFIED FELONY,VTL05110E3,F,M,32,0,45-64,M,BLACK,1001765,237948,-7393672073299990,40819778814000000"
"232733936,08/25/2021,101,""ASSAULT 3"",344,ASSAULT 3 & RELATED OFFENSES,PL 1200001,M,Q,102,0,25-44,M,ASIAN / PACIFIC ISLANDER,1025702,189082,-7385053903499990,40685574333000000"
"232373859,08/17/2021,109,""ASSAULT 2,1,UNCLASSIFIED"",106,FELONY ASSAULT,PL 1200502,F,K,88,0,45-64,M,BLACK,991929,189009,-7397231352899990,4068546769500000"
"232551912,08/21/2021,101,""ASSAULT 3"",344,ASSAULT 3 & RELATED OFFENSES,PL 1200001,M,M,25,2,25-44,M,BLACK HISPANIC,1003481,229777,-7393054433099990,40797348115000000"
"232708404,08/25/2021,109,""ASSAULT 2,1,UNCLASSIFIED"",106,FELONY ASSAULT,PL 1200501,F,K,73,0,25-44,M,BLACK,1008228,183789,-7391356336299990,4067111083400000"
"234241591,09/29/2021,397,""ROBBERY,OPEN AREA UNCLASSIFIED"",105,ROBBERY,PL 1601504,F,M,9,0,25-44,M,BLACK,987633,203880,-7398779600499990,4072628777500000"
"234292035,09/30/2021,259,""CRIMINAL MISCHIEF,UNCLASSIFIED 4"",351,CRIMINAL MISCHIEF & RELATED OF,PL 1450001,M,K,67,0,25-44,M,BLACK,1008026,176910,-7391431580599990,4065223004800000"
"233264075,09/08/2021,113,""MENACING,UNCLASSIFIED"",344,ASSAULT 3 & RELATED OFFENSES,PL 1201401,M,B,40,0,25-44,M,BLACK,1005041,234533,-7392489531099990,40810398494000000"
"232719666,08/25/2021,109,""ASSAULT 2,1,UNCLASSIFIED"",106,FELONY ASSAULT,PL 1200502,F,B,44,0,45-64,F,BLACK HISPANIC,1009004,243810,-7391054501799990,4083585100700000"
"232800323,08/26/2021,792,""WEAPONS POSSESSION 1 & 2"",118,DANGEROUS WEAPONS,PL 265031B,F,K,67,0,25-44,M,BLACK,998935,171309,-7394709077799990,4063687625100000"
"233779134,09/19/2021,705,""FORGERY,ETC.-MISD."",358,OFFENSES INVOLVING FRAUD,PL 1700500,M,B,43,0,25-44,M,WHITE HISPANIC,1022771,244819,-7386078786699990,4083857109900000"
"233734948,09/18/2021,339,""LARCENY,PETIT FROM OPEN AREAS,"",341,PETIT LARCENY,PL 1552500,M,B,46,0,18-24,M,BLACK HISPANIC,1010496,247755,-7390513776799990,4084667456900000"
"233584503,09/15/2021,439,""LARCENY,GRAND FROM OPEN AREAS, UNATTENDED"",109,GRAND LARCENY,PL 1553001,F,Q,109,0,25-44,M,WHITE,1030101,224098,-7383443908599990,4078166278200000"
"233775152,09/19/2021,339,""LARCENY,PETIT FROM OPEN AREAS,"",341,PETIT LARCENY,PL 1552500,M,M,24,0,25-44,M,BLACK,993312,228266,-7396727401599990,4079321710700000"
"232472333,08/19/2021,511,""CONTROLLED SUBSTANCE, POSSESSI"",235,DANGEROUS DRUGS,PL 2200300,M,B,44,0,45-64,M,WHITE HISPANIC,1007981,244635,-7391423903099990,40838118200000000"
"232376413,08/17/2021,782,""WEAPONS, POSSESSION, ETC"",236,DANGEROUS WEAPONS,PL 2650101,M,B,44,0,18-24,M,WHITE HISPANIC,1005929,242165,-7392166281599990,4083134404000000"
"232856275,08/28/2021,339,""LARCENY,PETIT FROM OPEN AREAS,"",341,PETIT LARCENY,PL 1552500,M,M,5,0,45-64,M,BLACK,984918,201131,-7399759165899990,4071874305400000"
"233300790,09/09/2021,109,""ASSAULT 2,1,UNCLASSIFIED"",106,FELONY ASSAULT,PL 1200501,F,B,46,0,25-44,M,WHITE HISPANIC,1007243,248348,-7391689338799990,40848311248000000"
"233158624,09/05/2021,729,""FORGERY,ETC.,UNCLASSIFIED-FELO"",113,FORGERY,PL 1702500,F,Q,107,0,18-24,M,ASIAN / PACIFIC ISLANDER,1043480,208981,-7378626250799990,4074009108400000"
"233039300,09/02/2021,493,""STOLEN PROPERTY-MOTOR VEH 2ND,"",111,POSSESSION OF STOLEN PROPERTY,PL 1654505,F,M,33,3,25-44,M,WHITE HISPANIC,1001192,247161,-7393876768399990,4084506696600000"
"232190596,08/13/2021,177,""SEXUAL ABUSE"",116,SEX CRIMES,PL 1306502,F,Q,114,0,25-44,M,WHITE HISPANIC,1007654,219564,-7391550817999990,4076930608700000"
"232586471,08/22/2021,681,""CHILD, ENDANGERING WELFARE"",233,SEX CRIMES,PL 2601001,M,Q,106,0,25-44,M,ASIAN / PACIFIC ISLANDER,1028713,187853,-7383969048299990,4068218640100000"
"234093172,09/26/2021,729,""FORGERY,ETC.,UNCLASSIFIED-FELO"",113,FORGERY,PL 1702500,F,Q,104,0,25-44,M,BLACK HISPANIC,1009068,195616,-7391049169299990,4070357091200000"
"233520543,09/14/2021,969,""TRAFFIC,UNCLASSIFIED INFRACTIO"",881,OTHER TRAFFIC INFRACTION,VTL051101A,M,K,83,0,25-44,M,WHITE HISPANIC,1007023,193783,-7391787347799990,40698545256000000"
"234019398,09/24/2021,509,""POSSESSION HYPODERMIC INSTRUME"",235,DANGEROUS DRUGS,PL 2204500,M,M,28,1,25-44,M,BLACK HISPANIC,999342,233575,-7394548472699990,40807780622000000"
"233002411,09/01/2021,639,""AGGRAVATED HARASSMENT 2"",361,OFF. AGNST PUB ORD SENSBLTY &,PL 2403002,M,K,61,0,45-64,M,WHITE HISPANIC,995118,155709,-7396086869299990,4059406298000000"
"233490026,09/13/2021,101,""ASSAULT 3"",344,ASSAULT 3 & RELATED OFFENSES,PL 1200001,M,B,44,0,18-24,F,BLACK,1003307,239962,-7393114385699990,4082530348200000"
"233767632,09/19/2021,339,""LARCENY,PETIT FROM OPEN AREAS,"",341,PETIT LARCENY,PL 1552500,M,M,1,0,45-64,M,ASIAN / PACIFIC ISLANDER,982351,201758,-7400685220399990,40720463840000000"
"232346627,08/17/2021,105,""STRANGULATION 1ST"",106,FELONY ASSAULT,PL 1211300,F,K,67,0,18-24,M,BLACK HISPANIC,997897,175677,-7395082189999990,4064886713300000"
"234181236,09/28/2021,268,""CRIMINAL MIS 2 & 3"",121,CRIMINAL MISCHIEF & RELATED OF,PL 1450502,F,K,62,0,25-44,M,WHITE HISPANIC,989820,161282,-7397994077099990,40609364648000000"
"234143752,09/27/2021,490,""STOLEN PROPERTY 3,POSSESSION"",232,POSSESSION OF STOLEN PROPERTY,PL 1654000,M,M,32,0,18-24,M,WHITE HISPANIC,999937,238365,-7394332421899990,4082092679700000"
"232750701,08/26/2021,779,""PUBLIC ADMINISTRATION,UNCLASSI"",126,MISCELLANEOUS PENAL LAW,PL 215510B,F,Q,103,2,25-44,M,BLACK,1041879,197084,-7379214176799990,40707447364000000"
"232223994,08/13/2021,268,""CRIMINAL MIS 2 & 3"",121,CRIMINAL MISCHIEF & RELATED OF,PL 1450502,F,Q,104,0,18-24,M,BLACK HISPANIC,1013201,204661,-7389554653599990,4072838470200000"
"233766203,09/19/2021,101,""ASSAULT 3"",344,ASSAULT 3 & RELATED OFFENSES,PL 1200001,M,S,123,0,25-44,M,WHITE,929070,142646,-7419858282699990,4055804258300000"
"233783529,09/19/2021,439,""LARCENY,GRAND FROM OPEN AREAS, UNATTENDED"",109,GRAND LARCENY,PL 1553001,F,M,1,0,25-44,M,WHITE HISPANIC,982351,201758,-7400685220399990,40720463840000000"
"234254569,09/29/2021,129,""MANSLAUGHTER,UNCLASSIFIED - NO"",101,MURDER & NON-NEGL. MANSLAUGHTE,PL 1252000,F,K,67,0,18-24,F,BLACK,997897,175677,-7395082189999990,4064886713300000"
"233325043,09/09/2021,748,""CONTEMPT,CRIMINAL"",359,OFFENSES AGAINST PUBLIC ADMINI,PL 2155003,M,M,23,2,25-44,M,BLACK,1001547,229776,-7393752941099990,4079734936800000"
"234046151,09/25/2021,779,""PUBLIC ADMINISTRATION,UNCLASSI"",126,MISCELLANEOUS PENAL LAW,PL 215510B,F,K,81,0,45-64,F,BLACK,1002883,192220,-7393280818499990,4069426487000000"
"233614662,09/15/2021,101,""ASSAULT 3"",344,ASSAULT 3 & RELATED OFFENSES,PL 1200001,M,Q,103,15,18-24,M,BLACK,1037558,193899,-7380775216499990,4069873239300000"
"232657212,08/24/2021,339,""LARCENY,PETIT FROM OPEN AREAS,"",341,PETIT LARCENY,PL 1552500,M,Q,103,0,45-64,F,BLACK,1041920,196749,-7379199675599990,4070652760300000"
"232874794,08/29/2021,339,""LARCENY,PETIT FROM OPEN AREAS,"",341,PETIT LARCENY,PL 1552500,M,M,19,0,25-44,M,BLACK,996551,223272,-7395558550399990,4077950599700000"
"232398245,08/18/2021,109,""ASSAULT 2,1,UNCLASSIFIED"",106,FELONY ASSAULT,PL 1200501,F,K,81,0,45-64,M,WHITE HISPANIC,1005312,190540,-7392405412199990,4068964821100000"
"233353569,09/09/2021,729,""FORGERY,ETC.,UNCLASSIFIED-FELO"",113,FORGERY,PL 1702500,F,K,71,0,18-24,M,BLACK,1000099,178228,-7394288058399990,40655865405000000"
"233400795,09/11/2021,802,""ALCOHOLIC BEVERAGE CONTROL LAW"",346,ALCOHOLIC BEVERAGE CONTROL LAW,ABC0064B00,M,B,43,0,25-44,F,WHITE HISPANIC,1024014,242333,-7385631045299990,4083174224600000"
"234055731,09/25/2021,117,""RECKLESS ENDANGERMENT 1"",126,MISCELLANEOUS PENAL LAW,PL 1202500,F,Q,110,0,25-44,M,WHITE HISPANIC,1023897,210068,-7385692367399990,4074318409200000"
"232218061,08/13/2021,548,""GAMBLING, DEVICE, POSSESSION"",350,GAMBLING,PL 2253001,M,K,70,0,18-24,M,WHITE HISPANIC,995920,174037,-7395794922899990,4064436851200000"
"233057625,09/02/2021,847,""NY STATE LAWS,UNCLASSIFIED FEL"",125,NYS LAWS-UNCLASSIFIED FELONY,VTL05110FE,F,Q,113,97,45-64,M,WHITE HISPANIC,1046315,187088,-7377623390699990,4067998073800000"
"232783811,08/26/2021,105,""STRANGULATION 1ST"",106,FELONY ASSAULT,PL 1211200,F,K,73,0,25-44,M,BLACK,1010693,184317,-7390467524199990,4067255305600000"
"233747768,09/18/2021,511,""CONTROLLED SUBSTANCE, POSSESSI"",235,DANGEROUS DRUGS,PL 2200300,M,K,77,0,25-44,M,WHITE HISPANIC,1002590,183000,-7393388987699990,4066895868000000"
"232990706,09/01/2021,101,""ASSAULT 3"",344,ASSAULT 3 & RELATED OFFENSES,PL 1200001,M,M,1,0,25-44,M,ASIAN / PACIFIC ISLANDER,982351,201758,-7400685220399990,40720463840000000"
"233933761,09/22/2021,339,""LARCENY,PETIT FROM OPEN AREAS,"",341,PETIT LARCENY,PL 1552500,M,B,52,0,25-44,F,WHITE HISPANIC,1009385,257779,-7390911578099990,4087419065500000"
"233228978,09/07/2021,503,""CONTROLLED SUBSTANCE,INTENT TO"",117,DANGEROUS DRUGS,PL 2201601,F,M,6,0,25-44,M,BLACK,982755,206652,-74005395837,4073389675800000"
"233899655,09/22/2021,649,""FALSE REPORT UNCLASSIFIED"",361,OFF. AGNST PUB ORD SENSBLTY &,PL 240503A,M,B,46,0,25-44,F,WHITE,1011751,250275,-7390059135599990,4085358740100000"
"232821256,08/27/2021,922,""TRAFFIC,UNCLASSIFIED MISDEMEAN"",348,VEHICLE AND TRAFFIC LAWS,VTL05110MU,M,K,68,0,45-64,M,AMERICAN INDIAN/ALASKAN NATIVE,976170,165509,-7402910707499990,4062096495600000"
"232355594,08/17/2021,779,""PUBLIC ADMINISTRATION,UNCLASSI"",126,MISCELLANEOUS PENAL LAW,PL 215510B,F,Q,105,0,25-44,M,BLACK,1057399,193263,-7373620512099990,4069684496800000"
"234152409,09/28/2021,101,""ASSAULT 3"",344,ASSAULT 3 & RELATED OFFENSES,PL 1200001,M,M,5,0,25-44,M,BLACK HISPANIC,983907,199959,-7400123874799990,4071552621300000"
"233492509,09/13/2021,339,""LARCENY,PETIT FROM OPEN AREAS,"",341,PETIT LARCENY,PL 1552500,M,M,28,0,25-44,M,BLACK,998954,233791,-7394688582299990,4080837413600000"
"232746539,08/26/2021,244,""BURGLARY,UNCLASSIFIED,UNKNOWN"",107,BURGLARY,PL 1402000,F,M,5,0,45-64,M,WHITE HISPANIC,984984,200116,-73997353676,4071595711700000"
"234188805,09/28/2021,339,""LARCENY,PETIT FROM OPEN AREAS,"",341,PETIT LARCENY,PL 1552500,M,M,24,0,45-64,M,BLACK HISPANIC,989891,227435,-7397962966299990,4079093908200000"
"232419251,08/18/2021,705,""FORGERY,ETC.-MISD."",358,OFFENSES INVOLVING FRAUD,PL 1702000,M,Q,112,0,25-44,M,BLACK,1025401,202586,-7385154182199990,40722640996000000"
"232449002,08/19/2021,49,""U.S. CODE UNCLASSIFIED"",995,FOR OTHER AUTHORITIES,FOA9000049,,M,5,0,45-64,M,WHITE,983859,199257,-7400141185699990,4071359938900000"
"233886186,09/22/2021,209,""BURGLARS TOOLS,UNCLASSIFIED"",231,BURGLAR'S TOOLS,PL 1403500,M,Q,115,0,18-24,M,WHITE HISPANIC,1022046,213823,-7386358243499990,4075349871600000"
"234085130,09/26/2021,339,""LARCENY,PETIT FROM OPEN AREAS,"",341,PETIT LARCENY,PL 1552500,M,M,24,0,45-64,F,BLACK HISPANIC,993830,229200,-7396540192499990,4079578013900000"
"232238221,08/14/2021,101,""ASSAULT 3"",344,ASSAULT 3 & RELATED OFFENSES,PL 1200001,M,B,52,0,18-24,M,BLACK HISPANIC,1013999,254376,-7389244713599990,40864836120000000"
"232355576,08/17/2021,101,""ASSAULT 3"",344,ASSAULT 3 & RELATED OFFENSES,PL 1200001,M,B,46,0,25-44,F,WHITE HISPANIC,1009197,248050,-7390983177999990,4084748802200000"
"233450357,09/12/2021,782,""WEAPONS, POSSESSION, ETC"",236,DANGEROUS WEAPONS,PL 2650101,M,K,60,0,65+,M,WHITE,996618,151374,-7395547553099990,4058216230400000"
"232823527,08/28/2021,209,""BURGLARS TOOLS,UNCLASSIFIED"",231,BURGLAR'S TOOLS,PL 1403500,M,M,30,0,45-64,M,BLACK,998236,242023,-7394946231799990,4083096982300000"
"233367973,09/10/2021,462,""UNAUTHORIZED USE VEHICLE 3"",353,UNAUTHORIZED USE OF A VEHICLE,PL 1650501,M,K,90,0,25-44,M,WHITE,998274,197040,-7394941885699990,4070750314600000"
"234220643,09/29/2021,729,""FORGERY,ETC.,UNCLASSIFIED-FELO"",113,FORGERY,PL 1701004,F,Q,103,1,25-44,M,BLACK,1039726,195270,-73799922252,40702482133000000"
"233591272,09/15/2021,779,""PUBLIC ADMINISTRATION,UNCLASSI"",126,MISCELLANEOUS PENAL LAW,PL 215510B,F,K,75,2,25-44,M,BLACK HISPANIC,1016133,178623,-7388509115599990,4065690638000000"
"232733189,08/25/2021,109,""ASSAULT 2,1,UNCLASSIFIED"",106,FELONY ASSAULT,PL 1200512,F,K,73,0,18-24,M,BLACK,1007421,185808,-7391646556799990,4067665468400000"
"232526975,08/20/2021,503,""CONTROLLED SUBSTANCE,INTENT TO"",117,DANGEROUS DRUGS,PL 2201601,F,M,9,0,25-44,M,BLACK HISPANIC,990077,202241,-7397897977599990,4072178784500000"
"232700137,08/25/2021,409,""LARCENY,GRAND BY EXTORTION"",109,GRAND LARCENY,PL 1553006,F,Q,103,0,18-24,M,WHITE HISPANIC,1041879,197084,-7379214176799990,40707447364000000"
"232810656,08/27/2021,339,""LARCENY,PETIT FROM OPEN AREAS,"",341,PETIT LARCENY,PL 1552500,M,M,14,0,25-44,F,BLACK,987220,212676,-7398928217599990,4075043076800000"
"233436052,09/12/2021,109,""ASSAULT 2,1,UNCLASSIFIED"",106,FELONY ASSAULT,PL 1200501,F,B,44,0,25-44,M,WHITE HISPANIC,1004687,239413,-7392615925299990,40823793548000000"
"232564083,08/21/2021,113,""MENACING,UNCLASSIFIED"",344,ASSAULT 3 & RELATED OFFENSES,PL 1201401,M,M,7,0,45-64,F,WHITE HISPANIC,989183,201182,-7398220577599990,4071888168700000"
"233851039,09/21/2021,792,""WEAPONS POSSESSION 1 & 2"",118,DANGEROUS WEAPONS,PL 265031B,F,B,40,0,25-44,M,BLACK,1009846,234053,-7390753940199990,4080906841400000"
"232611656,08/23/2021,244,""BURGLARY,UNCLASSIFIED,UNKNOWN"",107,BURGLARY,PL 1402000,F,K,83,0,18-24,M,WHITE HISPANIC,1007128,193705,-7391749507299990,4069833089400000"
"233601146,09/15/2021,779,""PUBLIC ADMINISTRATION,UNCLASSI"",126,MISCELLANEOUS PENAL LAW,PL 215510B,F,K,79,0,25-44,M,BLACK,999507,190206,-7394498708099990,40688743368000000"
"232583890,08/22/2021,705,""FORGERY,ETC.-MISD."",358,OFFENSES INVOLVING FRAUD,PL 1702000,M,M,30,0,18-24,M,BLACK,998350,241071,-7394905237299990,4082835667400000"
"233070826,09/02/2021,101,""ASSAULT 3"",344,ASSAULT 3 & RELATED OFFENSES,PL 1200001,M,K,61,0,25-44,F,WHITE,997937,156325,-7395071698599990,40595749872000000"
"233834649,09/21/2021,439,""LARCENY,GRAND FROM OPEN AREAS, UNATTENDED"",109,GRAND LARCENY,PL 1553501,F,S,121,0,25-44,F,WHITE,942825,166367,-7414922697299990,40623226819000000"
"232298133,08/16/2021,397,""ROBBERY,OPEN AREA UNCLASSIFIED"",105,ROBBERY,PL 1600500,F,K,75,0,25-44,M,ASIAN / PACIFIC ISLANDER,1017119,183909,-7388151172399990,4067141166300000"
"233894814,09/22/2021,105,""STRANGULATION 1ST"",106,FELONY ASSAULT,PL 1211200,F,M,19,0,18-24,M,BLACK,994297,218680,-7396373101899990,4076690500600000"
"234131801,09/27/2021,339,""LARCENY,PETIT FROM OPEN AREAS,"",341,PETIT LARCENY,PL 1552500,M,M,14,0,25-44,F,BLACK,987220,212676,-7398928217599990,4075043076800000"
"232611652,08/23/2021,779,""PUBLIC ADMINISTRATION,UNCLASSI"",126,MISCELLANEOUS PENAL LAW,PL 215510B,F,B,52,0,25-44,M,WHITE HISPANIC,1017440,256046,-7387999831299990,4086940749200000"
"233773240,09/19/2021,205,""TRESPASS 2, CRIMINAL"",352,CRIMINAL TRESPASS,PL 1401501,M,B,42,0,18-24,F,BLACK HISPANIC,1011898,242507,-7390009200899990,4083226606300000"
"233185253,09/06/2021,397,""ROBBERY,OPEN AREA UNCLASSIFIED"",105,ROBBERY,PL 1601501,F,B,41,0,45-64,F,BLACK,1011695,237703,-7390084522399990,4081908109000000"
"234158710,09/28/2021,109,""ASSAULT 2,1,UNCLASSIFIED"",106,FELONY ASSAULT,PL 1200502,F,Q,113,0,25-44,M,BLACK,1046405,187113,-7377590919399990,40680048726000000"
"232860960,08/29/2021,259,""CRIMINAL MISCHIEF,UNCLASSIFIED 4"",351,CRIMINAL MISCHIEF & RELATED OF,PL 1450001,M,M,20,0,25-44,M,WHITE,990306,225197,-7397813295799990,40784796096000000"
"233284889,09/08/2021,339,""LARCENY,PETIT FROM OPEN AREAS,"",341,PETIT LARCENY,PL 1552500,M,M,25,0,25-44,M,BLACK,1001643,232461,-7393717572999990,4080471876900000"
"233022548,09/01/2021,268,""CRIMINAL MIS 2 & 3"",121,CRIMINAL MISCHIEF & RELATED OF,PL 1451000,F,Q,113,0,25-44,M,AMERICAN INDIAN/ALASKAN NATIVE,1042544,186180,-7378983757299990,4067751412800000"
"234117017,09/27/2021,494,""STOLEN PROPERTY 2,1,POSSESSION"",111,POSSESSION OF STOLEN PROPERTY,PL 1655200,F,B,44,0,45-64,M,WHITE HISPANIC,1006537,244511,-7391945797099990,4083778161800000"
"232565683,08/22/2021,792,""WEAPONS POSSESSION 1 & 2"",118,DANGEROUS WEAPONS,PL 265031B,F,B,52,0,<18,M,BLACK,1013694,253644,-7389355304399990,40862828025000000"
"232927269,08/31/2021,109,""ASSAULT 2,1,UNCLASSIFIED"",106,FELONY ASSAULT,PL 1200501,F,K,67,0,18-24,F,BLACK,997157,175351,-7395348925199990,4064797344200000"
"232693371,08/25/2021,779,""PUBLIC ADMINISTRATION,UNCLASSI"",126,MISCELLANEOUS PENAL LAW,PL 215510D,F,S,121,0,25-44,M,BLACK,945688,171604,-7413894351299990,4063761418700000"
"234131813,09/27/2021,101,""ASSAULT 3"",344,ASSAULT 3 & RELATED OFFENSES,PL 1200001,M,M,9,0,18-24,M,BLACK,985280,203781,-7399628535099990,4072601663000000"
"233641806,09/16/2021,397,""ROBBERY,OPEN AREA UNCLASSIFIED"",105,ROBBERY,PL 1600500,F,K,83,0,45-64,M,BLACK HISPANIC,1007128,193705,-7391749507299990,4069833089400000"
"233775158,09/19/2021,339,""LARCENY,PETIT FROM OPEN AREAS,"",341,PETIT LARCENY,PL 1552500,M,S,121,0,25-44,M,WHITE,935629,167480,-7417515712099990,4062624519400000"
"233010278,09/01/2021,639,""AGGRAVATED HARASSMENT 2"",361,OFF. AGNST PUB ORD SENSBLTY &,PL 2403002,M,K,77,0,45-64,M,BLACK,1003508,185056,-7393057482199990,4067459999000000"
"233409194,09/11/2021,922,""TRAFFIC,UNCLASSIFIED MISDEMEAN"",348,VEHICLE AND TRAFFIC LAWS,VTL0511001,M,Q,110,0,45-64,M,WHITE HISPANIC,1021877,211009,-7386420815899990,4074577572500000"
"232428943,08/18/2021,922,""TRAFFIC,UNCLASSIFIED MISDEMEAN"",348,VEHICLE AND TRAFFIC LAWS,VTL05110MU,M,M,7,0,45-64,M,WHITE HISPANIC,989183,201182,-7398220577599990,4071888168700000"
"233928278,09/22/2021,109,""ASSAULT 2,1,UNCLASSIFIED"",106,FELONY ASSAULT,PL 1200512,F,B,45,0,18-24,M,WHITE HISPANIC,1032140,242004,-7382694879599990,4083079891400000"
"234168720,09/28/2021,101,""ASSAULT 3"",344,ASSAULT 3 & RELATED OFFENSES,PL 1200001,M,Q,101,0,25-44,F,BLACK,1043468,156096,-7378677035399990,40594934055000000"
"232860945,08/29/2021,114,""OBSTR BREATH/CIRCUL"",344,ASSAULT 3 & RELATED OFFENSES,PL 1211100,M,B,52,0,25-44,M,WHITE HISPANIC,1018384,256577,-7387658244599990,4087086132400000"
"233596320,09/15/2021,439,""LARCENY,GRAND FROM OPEN AREAS, UNATTENDED"",109,GRAND LARCENY,PL 1553001,F,S,121,0,25-44,M,WHITE HISPANIC,942825,166367,-7414922697299990,40623226819000000"
"232254961,08/14/2021,339,""LARCENY,PETIT FROM OPEN AREAS,"",341,PETIT LARCENY,PL 1552500,M,M,13,0,45-64,M,BLACK HISPANIC,988972,207813,-7398296229999990,40737082284000000"
"233281552,09/08/2021,258,""CRIMINAL MISCHIEF 4TH, GRAFFIT"",351,CRIMINAL MISCHIEF & RELATED OF,PL 1456002,M,B,49,0,25-44,F,WHITE HISPANIC,1028176,245655,-7384124894599990,4084084044200000"
"232783822,08/27/2021,105,""STRANGULATION 1ST"",106,FELONY ASSAULT,PL 1211200,F,Q,111,0,25-44,M,BLACK,1052212,206573,-7375477646199990,4073341895300000"
"233760731,09/19/2021,101,""ASSAULT 3"",344,ASSAULT 3 & RELATED OFFENSES,PL 1200001,M,Q,115,0,25-44,F,WHITE HISPANIC,1018207,219507,-7387741000199990,4076911540100000"
"233722442,09/17/2021,792,""WEAPONS POSSESSION 1 & 2"",118,DANGEROUS WEAPONS,PL 265031B,F,Q,103,0,25-44,M,WHITE HISPANIC,1038464,192970,-7380449226599990,4069617700600000"
"234260405,09/29/2021,106,""ASSAULT POLICE/PEACE OFFICER"",106,FELONY ASSAULT,PL 12005A3,F,Q,114,0,25-44,M,BLACK,1007694,219657,-7391536344699990,4076956124200000"
"232405763,08/18/2021,117,""RECKLESS ENDANGERMENT 1"",126,MISCELLANEOUS PENAL LAW,PL 1202500,F,K,60,0,18-24,M,WHITE HISPANIC,991778,148367,-7397290331099990,4057391411000000"
"232970889,08/31/2021,109,""ASSAULT 2,1,UNCLASSIFIED"",106,FELONY ASSAULT,PL 1200501,F,B,46,0,45-64,M,WHITE HISPANIC,1009963,250949,-7390705199499990,4085544271700000"
"232263182,08/15/2021,759,""PUBLIC ADMINISTATION,UNCLASS M"",359,OFFENSES AGAINST PUBLIC ADMINI,PL 1950500,M,B,42,0,25-44,M,WHITE HISPANIC,1010859,241026,-7390385243499990,40828204336000000"
"233517897,09/14/2021,109,""ASSAULT 2,1,UNCLASSIFIED"",106,FELONY ASSAULT,PL 1200502,F,K,67,0,25-44,F,BLACK,998590,177084,-7394832155299990,4065272794600000"
"233911053,09/22/2021,101,""ASSAULT 3"",344,ASSAULT 3 & RELATED OFFENSES,PL 1200001,M,K,75,0,18-24,M,BLACK,1019617,178292,-7387253613899990,4065598462900000"
"232465879,08/19/2021,779,""PUBLIC ADMINISTRATION,UNCLASSI"",126,MISCELLANEOUS PENAL LAW,PL 215510B,F,K,60,0,25-44,M,BLACK,985690,147743,-7399481808199990,4057220443000000"
"232587932,08/22/2021,101,""ASSAULT 3"",344,ASSAULT 3 & RELATED OFFENSES,PL 1200001,M,Q,102,0,25-44,M,ASIAN / PACIFIC ISLANDER,1023108,188104,-7385989777699990,4068290171800000"
"232528653,08/20/2021,101,""ASSAULT 3"",344,ASSAULT 3 & RELATED OFFENSES,PL 1200001,M,S,122,0,25-44,M,BLACK HISPANIC,966472,156711,-7406401786799990,4059680209800000"
"233806607,09/20/2021,779,""PUBLIC ADMINISTRATION,UNCLASSI"",126,MISCELLANEOUS PENAL LAW,PL 215510B,F,M,30,0,25-44,M,BLACK,997543,237760,-7395197495299990,4081927016900000"
"233278268,09/08/2021,339,""LARCENY,PETIT FROM OPEN AREAS,"",341,PETIT LARCENY,PL 1552500,M,K,61,0,25-44,M,WHITE HISPANIC,995118,155709,-7396086869299990,4059406298000000"
"233677450,09/17/2021,511,""CONTROLLED SUBSTANCE, POSSESSI"",235,DANGEROUS DRUGS,PL 2200300,M,M,10,0,45-64,M,WHITE,985859,215221,-7399419366499990,4075741650000000"
"232426224,08/18/2021,101,""ASSAULT 3"",344,ASSAULT 3 & RELATED OFFENSES,PL 1200001,M,Q,108,0,45-64,M,WHITE HISPANIC,1013102,211221,-7389587559399990,4074639059300000"
"233013417,09/01/2021,109,""ASSAULT 2,1,UNCLASSIFIED"",106,FELONY ASSAULT,PL 1200501,F,M,23,2,18-24,F,BLACK,1001747,228590,-73936810155,4079409372500000"
"232778461,08/26/2021,779,""PUBLIC ADMINISTRATION,UNCLASSI"",126,MISCELLANEOUS PENAL LAW,PL 215510B,F,K,83,0,18-24,M,BLACK HISPANIC,1007128,193705,-7391749507299990,4069833089400000"
"233354740,09/10/2021,101,""ASSAULT 3"",344,ASSAULT 3 & RELATED OFFENSES,PL 1200001,M,K,70,0,25-44,M,ASIAN / PACIFIC ISLANDER,994629,161980,-7396261981499990,4061127618800000"
"233767635,09/19/2021,339,""LARCENY,PETIT FROM OPEN AREAS,"",341,PETIT LARCENY,PL 1552500,M,M,1,0,45-64,M,ASIAN / PACIFIC ISLANDER,982351,201758,-7400685220399990,40720463840000000"
"232496770,08/20/2021,779,""PUBLIC ADMINISTRATION,UNCLASSI"",126,MISCELLANEOUS PENAL LAW,PL 215510B,F,K,73,2,18-24,M,BLACK,1007628,183445,-7391572748899990,40670168236000000"
"233641835,09/16/2021,259,""CRIMINAL MISCHIEF,UNCLASSIFIED 4"",351,CRIMINAL MISCHIEF & RELATED OF,PL 1450001,M,Q,103,0,18-24,M,BLACK,1041879,197084,-7379214176799990,40707447364000000"
"232426222,08/18/2021,705,""FORGERY,ETC.-MISD."",358,OFFENSES INVOLVING FRAUD,PL 1702000,M,Q,112,0,25-44,M,BLACK,1025401,202586,-7385154182199990,40722640996000000"
"232376430,08/17/2021,705,""FORGERY,ETC.-MISD."",358,OFFENSES INVOLVING FRAUD,PL 1700500,M,M,26,0,25-44,M,BLACK,996231,235804,-7395671859099990,4081390337400000"
"232697406,08/25/2021,792,""WEAPONS POSSESSION 1 & 2"",118,DANGEROUS WEAPONS,PL 265031B,F,K,88,0,<18,M,BLACK,990281,192762,-7397825230899990,4069577009300000"
"234038454,09/25/2021,792,""WEAPONS POSSESSION 1 & 2"",118,DANGEROUS WEAPONS,PL 265031B,F,B,40,0,25-44,M,BLACK,1006830,234000,-7391843446099990,4080893116500000"
"232913558,08/30/2021,115,""RECKLESS ENDANGERMENT 2"",355,OFFENSES AGAINST THE PERSON,PL 1202000,M,M,18,0,25-44,F,WHITE,988740,219078,-7398379194399990,4076800198100000"
"232539574,08/21/2021,175,""SEXUAL ABUSE 3,2"",233,SEX CRIMES,PL 13052A1,M,B,48,0,65+,M,WHITE HISPANIC,1011779,246746,-73900504632,4084390125500000"
"232676327,08/24/2021,439,""LARCENY,GRAND FROM OPEN AREAS, UNATTENDED"",109,GRAND LARCENY,PL 1553001,F,M,5,0,25-44,M,WHITE HISPANIC,984984,200116,-73997353676,4071595711700000"
"233930987,09/22/2021,244,""BURGLARY,UNCLASSIFIED,UNKNOWN"",107,BURGLARY,PL 1402000,F,K,77,0,25-44,M,BLACK,1003508,185056,-7393057482199990,4067459999000000"
"233722236,09/17/2021,729,""FORGERY,ETC.,UNCLASSIFIED-FELO"",113,FORGERY,PL 1702500,F,K,67,0,18-24,M,BLACK,1004583,177571,-73926721935,40654052923000000"
"234248854,09/29/2021,503,""CONTROLLED SUBSTANCE,INTENT TO"",117,DANGEROUS DRUGS,PL 2201601,F,B,52,0,25-44,M,BLACK,1013847,254492,-7389299616299990,4086515501500000"
"233747770,09/18/2021,101,""ASSAULT 3"",344,ASSAULT 3 & RELATED OFFENSES,PL 1200002,M,M,19,0,45-64,F,WHITE,999703,223643,-7394420354199990,4078051934500000"
"233039005,09/02/2021,439,""LARCENY,GRAND FROM OPEN AREAS, UNATTENDED"",109,GRAND LARCENY,PL 1553004,F,M,9,0,25-44,M,WHITE HISPANIC,987633,203880,-7398779600499990,4072628777500000"
"234199236,09/28/2021,101,""ASSAULT 3"",344,ASSAULT 3 & RELATED OFFENSES,PL 1200001,M,M,9,0,18-24,F,BLACK,988085,203923,-7398616522099990,4072640561500000"
"233069682,09/02/2021,203,""TRESPASS 3, CRIMINAL"",352,CRIMINAL TRESPASS,PL 140100A,M,K,70,0,25-44,M,BLACK,996606,165508,-7395549287999990,4062095728200000"
"233575370,09/15/2021,439,""LARCENY,GRAND FROM OPEN AREAS, UNATTENDED"",109,GRAND LARCENY,PL 1553001,F,S,122,0,18-24,F,WHITE,954801,148466,-7410600776499990,4057414012800000"
"233069475,09/02/2021,109,""ASSAULT 2,1,UNCLASSIFIED"",106,FELONY ASSAULT,PL 1200502,F,B,45,0,65+,F,BLACK,1030625,259260,-7383230393199990,40878169497000000"
"233483652,09/13/2021,101,""ASSAULT 3"",344,ASSAULT 3 & RELATED OFFENSES,PL 1200001,M,Q,101,0,25-44,M,BLACK,1054476,156808,-73747125752,40596807961000000"
"232367503,08/17/2021,922,""TRAFFIC,UNCLASSIFIED MISDEMEAN"",348,VEHICLE AND TRAFFIC LAWS,VTL0512000,M,Q,106,0,65+,M,WHITE HISPANIC,1028889,181666,-7383909689199990,40665203615000000"
"232609029,08/23/2021,397,""ROBBERY,OPEN AREA UNCLASSIFIED"",105,ROBBERY,PL 160102A,F,M,7,0,25-44,M,BLACK,988832,200278,-7398347261399990,40716400613000000"
"233119431,09/04/2021,339,""LARCENY,PETIT FROM OPEN AREAS,"",341,PETIT LARCENY,PL 1552500,M,B,52,0,45-64,M,BLACK,1009385,257779,-7390911578099990,4087419065500000"
"232254950,08/14/2021,113,""MENACING,UNCLASSIFIED"",344,ASSAULT 3 & RELATED OFFENSES,PL 1201401,M,K,83,0,25-44,M,WHITE HISPANIC,1008933,190685,-73910996658,4069003684500000"
"232287892,08/16/2021,922,""TRAFFIC,UNCLASSIFIED MISDEMEAN"",348,VEHICLE AND TRAFFIC LAWS,VTL0511001,M,M,5,0,18-24,M,BLACK,985803,201394,-7399439898999990,4071946481600000"
"234285924,09/30/2021,513,""POSS METH MANUFACT MATERIAL"",235,DANGEROUS DRUGS,PL 2207701,F,M,5,0,18-24,M,BLACK HISPANIC,983903,200257,-7400125319299990,4071634415200000"
"233806584,09/20/2021,101,""ASSAULT 3"",344,ASSAULT 3 & RELATED OFFENSES,PL 1200001,M,M,32,2,25-44,M,WHITE HISPANIC,1001559,237614,-7393746586099990,4081886248400000"
"233423761,09/11/2021,511,""CONTROLLED SUBSTANCE, POSSESSI"",235,DANGEROUS DRUGS,PL 2200300,M,B,40,0,65+,M,WHITE HISPANIC,1009431,232962,-7390904262399990,4080607511300000"
"233311099,09/09/2021,101,""ASSAULT 3"",344,ASSAULT 3 & RELATED OFFENSES,PL 1200001,M,Q,113,0,25-44,M,BLACK,1043509,188989,-7378633382799990,40685217766000000"
"234155221,09/28/2021,101,""ASSAULT 3"",344,ASSAULT 3 & RELATED OFFENSES,PL 1200001,M,M,19,0,18-24,M,BLACK,994297,218680,-7396373101899990,4076690500600000"
"233086957,09/03/2021,101,""ASSAULT 3"",344,ASSAULT 3 & RELATED OFFENSES,PL 1200001,M,M,23,0,25-44,F,WHITE HISPANIC,998577,226404,-7394826342999990,4078809945200000"
"233878895,09/21/2021,397,""ROBBERY,OPEN AREA UNCLASSIFIED"",105,ROBBERY,PL 1601002,F,B,41,0,18-24,M,BLACK,1013080,240805,-7389582802499990,4082759078500000"
"232251670,08/14/2021,705,""FORGERY,ETC.-MISD."",358,OFFENSES INVOLVING FRAUD,PL 1702000,M,M,23,0,25-44,M,BLACK HISPANIC,999041,225257,-7394659034699990,4078495047900000"
"234334857,09/30/2021,339,""LARCENY,PETIT FROM OPEN AREAS,"",341,PETIT LARCENY,PL 1552500,M,B,43,0,25-44,M,WHITE HISPANIC,1020183,239283,-7387017045,4082338729100000"
"233113947,09/03/2021,792,""WEAPONS POSSESSION 1 & 2"",118,DANGEROUS WEAPONS,PL 265031B,F,K,77,0,<18,F,BLACK,994894,185274,-7396162862699990,4067521289800000"
"233671103,09/16/2021,339,""LARCENY,PETIT FROM OPEN AREAS,"",341,PETIT LARCENY,PL 1552500,M,M,14,0,45-64,M,BLACK,987220,212676,-7398928217599990,4075043076800000"
"232145565,08/12/2021,101,""ASSAULT 3"",344,ASSAULT 3 & RELATED OFFENSES,PL 1200001,M,B,40,0,25-44,M,WHITE HISPANIC,1005041,234533,-7392489531099990,40810398494000000"
"233104751,09/03/2021,339,""LARCENY,PETIT FROM OPEN AREAS,"",341,PETIT LARCENY,PL 1552500,M,K,66,0,25-44,M,WHITE HISPANIC,988601,173493,-7398432319799990,40642881967000000"
"233722246,09/17/2021,269,""MISCHIEF,CRIMINAL,    UNCL 2ND"",121,CRIMINAL MISCHIEF & RELATED OF,PL 1450501,F,Q,104,0,45-64,M,WHITE,1024013,195335,-7385659209799990,40702745099000000"
"232614127,08/23/2021,113,""MENACING,UNCLASSIFIED"",344,ASSAULT 3 & RELATED OFFENSES,PL 1201401,M,K,62,0,25-44,F,BLACK,986637,156473,-7399140622299990,4059616634800000"
"233120623,09/04/2021,397,""ROBBERY,OPEN AREA UNCLASSIFIED"",105,ROBBERY,PL 1600500,F,B,40,0,18-24,M,BLACK,1005041,234533,-7392489531099990,40810398494000000"
"234019402,09/24/2021,339,""LARCENY,PETIT FROM OPEN AREAS,"",341,PETIT LARCENY,PL 1552500,M,Q,110,0,45-64,M,BLACK,1022218,212235,-7386297059399990,40749139326000000"
"233078428,09/03/2021,779,""PUBLIC ADMINISTRATION,UNCLASSI"",126,MISCELLANEOUS PENAL LAW,PL 215510D,F,S,123,0,25-44,M,WHITE,926604,130910,-7420735743799990,40525813871000000"
"232940388,08/31/2021,113,""MENACING,UNCLASSIFIED"",344,ASSAULT 3 & RELATED OFFENSES,PL 1201500,M,M,14,0,25-44,M,BLACK,986320,212857,-7399253038399990,4075092782300000"
"234117040,09/27/2021,475,""UNAUTH. SALE OF TRANS. SERVICE"",343,THEFT OF SERVICES,PL 1651601,M,B,44,0,25-44,M,BLACK,1008110,244858,-7391377204099990,4083872992300000"
"234192419,09/28/2021,101,""ASSAULT 3"",344,ASSAULT 3 & RELATED OFFENSES,PL 1200001,M,B,42,0,45-64,M,BLACK HISPANIC,1016161,243995,-73884680072,40836335818000000"
"233343057,09/09/2021,494,""STOLEN PROPERTY 2,1,POSSESSION"",111,POSSESSION OF STOLEN PROPERTY,PL 1654502,F,K,75,0,25-44,M,WHITE HISPANIC,1011251,186205,-7390265610699990,4067773350500000"
"233291301,09/08/2021,779,""PUBLIC ADMINISTRATION,UNCLASSI"",126,MISCELLANEOUS PENAL LAW,PL 215510B,F,K,70,0,25-44,M,BLACK,995368,172888,-7395994022299990,4064121546400000"
"233190021,09/06/2021,339,""LARCENY,PETIT FROM OPEN AREAS,"",341,PETIT LARCENY,PL 1552500,M,K,62,0,25-44,M,WHITE HISPANIC,983289,158770,-7400346217799990,4060247141800000"
"234176688,09/28/2021,639,""AGGRAVATED HARASSMENT 2"",361,OFF. AGNST PUB ORD SENSBLTY &,PL 24030M1,M,K,68,0,45-64,F,WHITE,978016,171958,-7402246340399990,40638667594000000"
"234076781,09/26/2021,441,""LARCENY,GRAND OF AUTO"",110,GRAND LARCENY OF MOTOR VEHICLE,PL 1553008,F,Q,105,0,<18,M,BLACK,1046681,181205,-7377496883299990,4066383069800000"
"234074433,09/26/2021,419,""LARCENY,GRAND FROM PERSON,UNCL"",109,GRAND LARCENY,PL 1553005,F,M,13,0,25-44,M,BLACK,986244,209939,-7399280554899990,4074291866300000"
"233543387,09/14/2021,748,""CONTEMPT,CRIMINAL"",359,OFFENSES AGAINST PUBLIC ADMINI,PL 2155003,M,S,123,0,25-44,M,WHITE,929050,129925,-7419855103399990,40523125790000000"
"233839533,09/21/2021,244,""BURGLARY,UNCLASSIFIED,UNKNOWN"",107,BURGLARY,PL 1402501,F,Q,101,0,25-44,M,BLACK,1053648,159131,-7375008340299990,4060319062200000"
"234010275,09/24/2021,339,""LARCENY,PETIT FROM OPEN AREAS,"",341,PETIT LARCENY,PL 1552500,M,M,14,0,25-44,M,WHITE,985802,213781,-7399439974299990,4075346407600000"
"233930994,09/22/2021,114,""OBSTR BREATH/CIRCUL"",344,ASSAULT 3 & RELATED OFFENSES,PL 1211100,M,M,33,0,45-64,M,BLACK,999242,242681,-7394582561499990,4083277419300000"
"232667815,08/24/2021,969,""TRAFFIC,UNCLASSIFIED INFRACTIO"",881,OTHER TRAFFIC INFRACTION,VTL051101A,M,M,26,0,45-64,M,WHITE,994380,235426,-7396340612899990,4081286818600000"
"233837066,09/21/2021,101,""ASSAULT 3"",344,ASSAULT 3 & RELATED OFFENSES,PL 1200001,M,B,48,0,25-44,M,BLACK,1013374,248085,-7389473408499990,4084757129800000"
"233020259,09/01/2021,748,""CONTEMPT,CRIMINAL"",359,OFFENSES AGAINST PUBLIC ADMINI,PL 2155003,M,M,24,0,25-44,M,BLACK,992793,229614,-7396914666999990,4079691752000000"
"232138807,08/12/2021,515,""CONTROLLED SUBSTANCE,SALE 3"",117,DANGEROUS DRUGS,PL 2203901,F,Q,105,0,25-44,M,BLACK,1057767,203993,-7373476084899990,40726293088000000"
"233390989,09/10/2021,117,""RECKLESS ENDANGERMENT 1"",126,MISCELLANEOUS PENAL LAW,PL 1202500,F,M,33,0,18-24,M,WHITE HISPANIC,1002590,246866,-7393371567599990,4084425448500000"
"232616295,08/23/2021,439,""LARCENY,GRAND FROM OPEN AREAS, UNATTENDED"",109,GRAND LARCENY,PL 1553501,F,M,9,0,18-24,M,WHITE HISPANIC,985280,203781,-7399628535099990,4072601663000000"
"232795926,08/27/2021,779,""PUBLIC ADMINISTRATION,UNCLASSI"",126,MISCELLANEOUS PENAL LAW,PL 215510B,F,Q,111,0,25-44,F,BLACK,1048681,216305,-7376742395499990,4076015718700000"
"233971779,09/23/2021,397,""ROBBERY,OPEN AREA UNCLASSIFIED"",105,ROBBERY,PL 1600500,F,Q,115,0,25-44,M,BLACK HISPANIC,1018714,214946,-7387560301799990,40756594678000000"
"233392348,09/10/2021,177,""SEXUAL ABUSE"",116,SEX CRIMES,PL 1306504,F,M,5,0,25-44,M,WHITE,984946,200203,-7399749074599990,40716195914000000"
"232902388,08/30/2021,729,""FORGERY,ETC.,UNCLASSIFIED-FELO"",113,FORGERY,PL 1703000,F,Q,101,0,18-24,M,BLACK,1044821,156440,-7378189543199990,4059586912100000"
"234223931,09/29/2021,244,""BURGLARY,UNCLASSIFIED,UNKNOWN"",107,BURGLARY,PL 1402000,F,M,33,3,25-44,F,WHITE HISPANIC,1001618,248524,-73937224454,4084880717200000"
"233919472,09/22/2021,779,""PUBLIC ADMINISTRATION,UNCLASSI"",126,MISCELLANEOUS PENAL LAW,PL 215510B,F,K,61,0,45-64,F,WHITE,998038,155622,-7395035473699990,4059382012200000"
"233750739,09/18/2021,681,""CHILD, ENDANGERING WELFARE"",233,SEX CRIMES,PL 2601002,M,B,44,0,18-24,F,BLACK HISPANIC,1006434,244344,-7391983075699990,4083732351100000"
"233842264,09/21/2021,339,""LARCENY,PETIT FROM OPEN AREAS,"",341,PETIT LARCENY,PL 1552500,M,B,52,0,25-44,F,BLACK HISPANIC,1009385,257779,-7390911578099990,4087419065500000"
"232773681,08/26/2021,922,""TRAFFIC,UNCLASSIFIED MISDEMEAN"",348,VEHICLE AND TRAFFIC LAWS,VTL0511001,M,K,68,0,25-44,M,WHITE HISPANIC,977947,172030,-7402271208799990,4063886517100000"
"232426220,08/18/2021,503,""CONTROLLED SUBSTANCE,INTENT TO"",117,DANGEROUS DRUGS,PL 2201601,F,M,9,0,25-44,M,BLACK,991225,201976,-7397483848999990,4072105965300000"
"233350793,09/09/2021,729,""FORGERY,ETC.,UNCLASSIFIED-FELO"",113,FORGERY,PL 1702500,F,Q,107,0,25-44,M,BLACK HISPANIC,1046381,201604,-7377586204199990,4071982318100000"
"232813183,08/27/2021,503,""CONTROLLED SUBSTANCE,INTENT TO"",117,DANGEROUS DRUGS,PL 2201601,F,K,75,0,45-64,F,WHITE HISPANIC,1018808,184706,-7387541895599990,40673592816000000"
"233284884,09/08/2021,478,""THEFT OF SERVICES, UNCLASSIFIE"",343,OTHER OFFENSES RELATED TO THEF,PL 1651503,M,K,73,1,25-44,M,BLACK,1007685,189129,-7391550224899990,40685769376000000"
"234065981,09/26/2021,339,""LARCENY,PETIT FROM OPEN AREAS,"",341,PETIT LARCENY,PL 1552500,M,M,7,0,25-44,M,BLACK,988832,200278,-7398347261399990,40716400613000000"
"233299995,09/08/2021,101,""ASSAULT 3"",344,ASSAULT 3 & RELATED OFFENSES,PL 1200001,M,Q,113,0,18-24,M,BLACK,1046101,187470,-7377700194699990,4068103073700000"
"232579147,08/22/2021,511,""CONTROLLED SUBSTANCE, POSSESSI"",235,DANGEROUS DRUGS,PL 2200300,M,S,122,0,25-44,M,WHITE,943360,144176,-7414716544199990,4056231954000000"
"234279763,09/30/2021,439,""LARCENY,GRAND FROM OPEN AREAS, UNATTENDED"",109,GRAND LARCENY,PL 1553501,F,B,44,0,25-44,M,BLACK HISPANIC,1006537,244511,-7391945797099990,4083778161800000"
"234081521,09/26/2021,301,""LARCENY,PETIT BY ACQUIRING LOS"",341,PETIT LARCENY,PL 155250Z,M,K,63,0,45-64,F,BLACK,1006189,161784,-7392098528299990,4061071712900000"
"233424182,09/11/2021,106,""ASSAULT POLICE/PEACE OFFICER"",106,FELONY ASSAULT,PL 1200800,F,K,94,0,18-24,M,BLACK HISPANIC,997245,204130,-7395311662899990,40726965067000000"
"234021951,09/24/2021,792,""WEAPONS POSSESSION 1 & 2"",118,DANGEROUS WEAPONS,PL 2650303,F,Q,112,0,25-44,M,BLACK,1025519,202533,-73851116441,4072249497400000"
"234117008,09/27/2021,101,""ASSAULT 3"",344,ASSAULT 3 & RELATED OFFENSES,PL 1200001,M,B,48,0,25-44,M,BLACK,1014256,250228,-7389153654899990,4085345024200000"
"233828974,09/21/2021,268,""CRIMINAL MIS 2 & 3"",121,CRIMINAL MISCHIEF & RELATED OF,PL 1450502,F,K,68,0,45-64,M,WHITE,974885,163550,-7403373316099990,4061558664200000"
"233097110,09/03/2021,339,""LARCENY,PETIT FROM OPEN AREAS,"",341,PETIT LARCENY,PL 1552500,M,M,18,0,25-44,M,WHITE HISPANIC,988605,216569,-7398428093599990,4076111549000000"
"233765002,09/19/2021,969,""TRAFFIC,UNCLASSIFIED INFRACTIO"",881,OTHER TRAFFIC INFRACTION,VTL051101A,M,M,18,0,25-44,M,BLACK,988163,217114,-7398587613399990,40762611582000000"
"232400743,08/18/2021,639,""AGGRAVATED HARASSMENT 2"",361,OFF. AGNST PUB ORD SENSBLTY &,PL 2403002,M,B,52,0,25-44,F,WHITE HISPANIC,1017440,256046,-7387999831299990,4086940749200000"
"232559343,08/21/2021,339,""LARCENY,PETIT FROM OPEN AREAS,"",341,PETIT LARCENY,PL 1552500,M,M,30,0,45-64,M,BLACK HISPANIC,997868,240264,-7395079567399990,4082614244500000"
"232667816,08/24/2021,922,""TRAFFIC,UNCLASSIFIED MISDEMEAN"",348,VEHICLE AND TRAFFIC LAWS,VTL05110MU,M,M,9,0,18-24,M,BLACK,991599,203109,-7397348801399990,4072416916100000"
"234093159,09/26/2021,199,""AGGRAVATED CRIMINAL CONTEMPT"",126,MISCELLANEOUS PENAL LAW,PL 2155203,F,K,90,0,45-64,M,BLACK,998016,196598,-7395035033099990,4070629036500000"
"234150146,09/28/2021,940,""LEAVING THE SCENE / PROPERTY DAMAGE / INJURED ANIMAL"",881,OTHER TRAFFIC INFRACTION,VTL060001A,I,M,14,0,45-64,M,ASIAN / PACIFIC ISLANDER,985802,213781,-7399439974299990,4075346407600000"
"232394378,08/18/2021,922,""TRAFFIC,UNCLASSIFIED MISDEMEAN"",348,VEHICLE AND TRAFFIC LAWS,VTL0512000,M,Q,111,0,45-64,M,WHITE HISPANIC,1051571,217082,-7375698415299990,4076226831200000"
"233536277,09/14/2021,101,""ASSAULT 3"",344,ASSAULT 3 & RELATED OFFENSES,PL 1200001,M,K,70,0,25-44,M,WHITE HISPANIC,991591,169049,-7397355396999990,4063068215900000"
"233022539,09/01/2021,109,""ASSAULT 2,1,UNCLASSIFIED"",106,FELONY ASSAULT,PL 1200501,F,K,73,0,65+,M,BLACK,1009055,178206,-7391060265899990,4065578446200000"
"233858226,09/21/2021,49,""U.S. CODE UNCLASSIFIED"",995,FOR OTHER AUTHORITIES,FOA9000049,,Q,103,0,45-64,M,BLACK,1041879,197084,-7379214176799990,40707447364000000"
"234096484,09/27/2021,101,""ASSAULT 3"",344,ASSAULT 3 & RELATED OFFENSES,PL 1200001,M,Q,104,0,25-44,M,WHITE,1019333,197126,-7387346164299990,4070768076000000"
"233791418,09/20/2021,259,""CRIMINAL MISCHIEF,UNCLASSIFIED 4"",351,CRIMINAL MISCHIEF & RELATED OF,PL 1450001,M,K,83,0,25-44,M,BLACK,1009696,188443,-7390825381499990,4068388091100000"
"233527526,09/14/2021,503,""CONTROLLED SUBSTANCE,INTENT TO"",117,DANGEROUS DRUGS,PL 2201601,F,M,1,0,18-24,M,BLACK,982445,202127,-7400651319199990,4072147667600000"
"232546339,08/21/2021,339,""LARCENY,PETIT FROM OPEN AREAS,"",341,PETIT LARCENY,PL 1552500,M,K,72,0,25-44,M,WHITE HISPANIC,979369,173082,-7401758917199990,40641753583000000"
"233078419,09/03/2021,101,""ASSAULT 3"",344,ASSAULT 3 & RELATED OFFENSES,PL 1200001,M,B,40,0,25-44,M,BLACK,1007855,237592,-7391471916699990,4081878752100000"
"232734117,08/26/2021,105,""STRANGULATION 1ST"",106,FELONY ASSAULT,PL 1211200,F,B,43,0,25-44,M,BLACK HISPANIC,1024790,241338,-7385351232099990,4082900773200000"
"233313874,09/09/2021,511,""CONTROLLED SUBSTANCE, POSSESSI"",235,DANGEROUS DRUGS,PL 2200300,M,B,46,0,25-44,F,WHITE HISPANIC,1009453,250626,-7390889679799990,4085455765000000"
"232202237,08/13/2021,101,""ASSAULT 3"",344,ASSAULT 3 & RELATED OFFENSES,PL 1200001,M,M,14,0,25-44,F,ASIAN / PACIFIC ISLANDER,988465,212894,-7398478860599990,4075102861800000"
"233515612,09/14/2021,105,""STRANGULATION 1ST"",106,FELONY ASSAULT,PL 1211300,F,B,42,0,45-64,M,BLACK,1011256,241481,-7390241608299990,4082945197600000"
"232548197,08/21/2021,439,""LARCENY,GRAND FROM OPEN AREAS, UNATTENDED"",109,GRAND LARCENY,PL 1553001,F,B,42,2,18-24,M,BLACK,1010467,243220,-7390526031299990,4083422740700000"
"233720111,09/17/2021,112,""MENACING 1ST DEGREE (VICT NOT"",126,MISCELLANEOUS PENAL LAW,PL 1201300,F,K,73,2,18-24,F,BLACK,1009588,187367,-7390864726399990,4068092784700000"
"233215332,09/07/2021,639,""AGGRAVATED HARASSMENT 2"",361,OFF. AGNST PUB ORD SENSBLTY &,PL 2403002,M,B,40,0,25-44,M,BLACK HISPANIC,1005041,234533,-7392489531099990,40810398494000000"
"232650223,08/24/2021,681,""CHILD, ENDANGERING WELFARE"",233,SEX CRIMES,PL 2601001,M,B,44,0,25-44,M,BLACK HISPANIC,1006434,244344,-7391983075699990,4083732351100000"
"233604843,09/15/2021,705,""FORGERY,ETC.-MISD."",358,OFFENSES INVOLVING FRAUD,PL 1700500,M,B,44,0,18-24,M,BLACK,1008405,242465,-7391271453599990,40832161029000000"
"233729229,09/18/2021,793,""WEAPONS POSSESSION 3"",118,DANGEROUS WEAPONS,PL 2650201,F,K,68,0,25-44,F,WHITE HISPANIC,982301,169571,-7400702326899990,4063211776600000"
"234172464,09/28/2021,705,""FORGERY,ETC.-MISD."",358,OFFENSES INVOLVING FRAUD,PL 1702000,M,K,83,0,18-24,M,WHITE HISPANIC,1008080,193894,-7391406114999990,40698847142000000"
"233711364,09/17/2021,511,""CONTROLLED SUBSTANCE, POSSESSI"",235,DANGEROUS DRUGS,PL 2200300,M,M,25,0,25-44,M,WHITE HISPANIC,1001575,232339,-7393742166899990,40804384046000000"
"234043628,09/25/2021,339,""LARCENY,PETIT FROM OPEN AREAS,"",341,PETIT LARCENY,PL 1552500,M,B,52,0,18-24,M,WHITE HISPANIC,1015140,255733,-7388831572199990,4086855675100000"
"232995699,09/01/2021,209,""BURGLARS TOOLS,UNCLASSIFIED"",231,BURGLAR'S TOOLS,PL 1403500,M,M,1,0,25-44,M,WHITE HISPANIC,981078,199628,-7401144362299990,40714617135000000"
"232856581,08/28/2021,117,""RECKLESS ENDANGERMENT 1"",126,MISCELLANEOUS PENAL LAW,PL 1202500,F,B,40,0,25-44,M,WHITE HISPANIC,1009935,232226,-73907224892,40804053546000000"
"233512688,09/14/2021,779,""PUBLIC ADMINISTRATION,UNCLASSI"",126,MISCELLANEOUS PENAL LAW,PL 215510B,F,M,25,0,18-24,M,WHITE HISPANIC,1000598,231062,-7394095380699990,40800880893000000"
"232800322,08/27/2021,639,""AGGRAVATED HARASSMENT 2"",361,OFF. AGNST PUB ORD SENSBLTY &,PL 2403002,M,K,67,0,25-44,F,BLACK,1008026,176910,-7391431580599990,4065223004800000"
"232946549,08/31/2021,101,""ASSAULT 3"",344,ASSAULT 3 & RELATED OFFENSES,PL 1200001,M,M,17,0,25-44,M,BLACK HISPANIC,991108,212925,-7397524941899990,40751112050000000"
"233614660,09/15/2021,175,""SEXUAL ABUSE 3,2"",233,SEX CRIMES,PL 13052A1,M,Q,106,0,25-44,M,ASIAN / PACIFIC ISLANDER,1028713,187853,-7383969048299990,4068218640100000"
"233210560,09/07/2021,397,""ROBBERY,OPEN AREA UNCLASSIFIED"",105,ROBBERY,PL 1601002,F,K,81,0,18-24,M,BLACK,1005312,190540,-7392405412199990,4068964821100000"
"232712281,08/25/2021,922,""TRAFFIC,UNCLASSIFIED MISDEMEAN"",348,VEHICLE AND TRAFFIC LAWS,VTL0511001,M,Q,113,0,25-44,M,WHITE HISPANIC,1046405,187113,-7377590919399990,40680048726000000"
"234136992,09/27/2021,109,""ASSAULT 2,1,UNCLASSIFIED"",106,FELONY ASSAULT,PL 1200501,F,Q,114,2,25-44,M,WHITE HISPANIC,999484,214810,-7394501432899990,4075627543400000"
"233813608,09/20/2021,439,""LARCENY,GRAND FROM OPEN AREAS, UNATTENDED"",109,GRAND LARCENY,PL 1553001,F,B,42,0,25-44,M,BLACK,1011959,241321,-7389987647699990,4082901064400000"
"232876668,08/29/2021,705,""FORGERY,ETC.-MISD."",358,OFFENSES INVOLVING FRAUD,PL 1702000,M,M,7,0,45-64,M,WHITE HISPANIC,989956,201106,-7397941726199990,40718672621000000"
"233899670,09/22/2021,339,""LARCENY,PETIT FROM OPEN AREAS,"",341,PETIT LARCENY,PL 1552500,M,Q,114,0,25-44,M,WHITE HISPANIC,1007977,217884,-7391434801399990,4076469406300000"
"232180072,08/12/2021,511,""CONTROLLED SUBSTANCE, POSSESSI"",235,DANGEROUS DRUGS,PL 2200300,M,B,44,0,65+,M,BLACK,1003791,242739,-7392938695899990,40832924494000000"
"233174875,09/06/2021,802,""ALCOHOLIC BEVERAGE CONTROL LAW"",346,ALCOHOLIC BEVERAGE CONTROL LAW,ABC0064B00,M,K,67,0,25-44,M,BLACK,998911,176430,-7394716612399990,4065093233300000"
"232546346,08/21/2021,268,""CRIMINAL MIS 2 & 3"",121,CRIMINAL MISCHIEF & RELATED OF,PL 1450502,F,Q,108,0,25-44,M,WHITE,996967,209876,-73954108767,4074273682500000"
"232867689,08/29/2021,109,""ASSAULT 2,1,UNCLASSIFIED"",106,FELONY ASSAULT,PL 1200502,F,B,43,0,25-44,F,ASIAN / PACIFIC ISLANDER,1020183,239283,-7387017045,4082338729100000"
"233806628,09/20/2021,779,""PUBLIC ADMINISTRATION,UNCLASSI"",126,MISCELLANEOUS PENAL LAW,PL 215510D,F,Q,107,0,25-44,M,BLACK,1036628,204948,-7381102013199990,4072906475000000"
"233459049,09/13/2021,105,""STRANGULATION 1ST"",106,FELONY ASSAULT,PL 1211200,F,B,44,0,25-44,M,BLACK,1007174,239543,-7391717287899990,4082414425700000"
"233527533,09/14/2021,419,""LARCENY,GRAND FROM PERSON,UNCL"",109,GRAND LARCENY,PL 1553005,F,M,33,0,25-44,M,BLACK HISPANIC,1001765,247637,-7393669543699990,4084637232700000"
"233361497,09/10/2021,244,""BURGLARY,UNCLASSIFIED,UNKNOWN"",107,BURGLARY,PL 1402000,F,M,6,0,45-64,M,BLACK,983047,205572,-7400434202399990,4073093246700000"
"233644469,09/16/2021,339,""LARCENY,PETIT FROM OPEN AREAS,"",341,PETIT LARCENY,PL 1552500,M,M,33,3,25-44,M,WHITE HISPANIC,1001618,248524,-73937224454,4084880717200000"
"233990681,09/23/2021,439,""LARCENY,GRAND FROM OPEN AREAS, UNATTENDED"",109,GRAND LARCENY,PL 1553001,F,B,52,0,18-24,F,WHITE HISPANIC,1009385,257779,-7390911578099990,4087419065500000"
"232647204,08/24/2021,101,""ASSAULT 3"",344,ASSAULT 3 & RELATED OFFENSES,PL 1200001,M,B,52,0,18-24,M,BLACK HISPANIC,1017440,256046,-7387999831299990,4086940749200000"
"233165584,09/05/2021,439,""LARCENY,GRAND FROM OPEN AREAS, UNATTENDED"",109,GRAND LARCENY,PL 1553001,F,K,63,0,25-44,M,BLACK,1006189,161784,-7392098528299990,4061071712900000"
"233564825,09/15/2021,705,""FORGERY,ETC.-MISD."",358,OFFENSES INVOLVING FRAUD,PL 1702000,M,M,32,0,25-44,M,BLACK,1001112,238628,-7393907827699990,4082164649300000"
"232373863,08/17/2021,511,""CONTROLLED SUBSTANCE, POSSESSI"",235,DANGEROUS DRUGS,PL 2200300,M,K,83,0,25-44,M,WHITE HISPANIC,1008282,194600,-7391333013999990,4070078440000000"
"232145588,08/12/2021,139,""MURDER,UNCLASSIFIED"",101,MURDER & NON-NEGL. MANSLAUGHTE,PL 1252501,F,Q,102,0,25-44,M,BLACK,1032428,198872,-7382621729999990,4071241149700000"
"232575600,08/22/2021,339,""LARCENY,PETIT FROM OPEN AREAS,"",341,PETIT LARCENY,PL 1552500,M,B,49,0,65+,M,WHITE HISPANIC,1030251,254038,-7383369220799990,40863838685000000"
"233243882,09/07/2021,244,""BURGLARY,UNCLASSIFIED,UNKNOWN"",107,BURGLARY,PL 1402000,F,Q,100,0,25-44,M,WHITE HISPANIC,1040845,155714,-7379621836899990,4059390268200000"
"232382974,08/18/2021,101,""ASSAULT 3"",344,ASSAULT 3 & RELATED OFFENSES,PL 1200001,M,M,10,0,65+,M,WHITE,983622,210776,-7400226783799990,4074521622100000"
"233878894,09/22/2021,109,""ASSAULT 2,1,UNCLASSIFIED"",106,FELONY ASSAULT,PL 1200502,F,B,43,0,45-64,M,BLACK,1023548,238402,-7385801740899990,4082095486800000"
"234117032,09/27/2021,729,""FORGERY,ETC.,UNCLASSIFIED-FELO"",113,FORGERY,PL 1702500,F,B,44,0,25-44,F,WHITE HISPANIC,1006537,244511,-7391945797099990,4083778161800000"
"233971762,09/23/2021,339,""LARCENY,PETIT FROM OPEN AREAS,"",341,PETIT LARCENY,PL 1552500,M,B,46,0,45-64,M,BLACK,1009736,250146,-7390787562599990,4085323938100000"
"234117151,09/27/2021,105,""STRANGULATION 1ST"",106,FELONY ASSAULT,PL 1211200,F,S,122,0,25-44,M,WHITE,953968,144673,-7410898928999990,4056372628100000"
"232523504,08/20/2021,114,""OBSTR BREATH/CIRCUL"",344,ASSAULT 3 & RELATED OFFENSES,PL 1211100,M,B,43,0,25-44,F,WHITE HISPANIC,1023345,245125,-7385871167099990,4083940845700000"
"232245225,08/14/2021,397,""ROBBERY,OPEN AREA UNCLASSIFIED"",105,ROBBERY,PL 1600500,F,M,17,0,25-44,M,WHITE,993176,216136,-7396778129099990,40759923583000000"
"232283281,08/15/2021,779,""PUBLIC ADMINISTRATION,UNCLASSI"",126,MISCELLANEOUS PENAL LAW,PL 215510B,F,S,120,0,25-44,M,BLACK,961418,164057,-7408224153699990,4061695378100000"
"233259555,09/08/2021,397,""ROBBERY,OPEN AREA UNCLASSIFIED"",105,ROBBERY,PL 1600500,F,Q,114,0,25-44,M,BLACK,1007694,219657,-7391536344699990,4076956124200000"
"234117127,09/26/2021,49,""U.S. CODE UNCLASSIFIED"",995,FOR OTHER AUTHORITIES,FOA9000049,,Q,113,0,25-44,F,WHITE HISPANIC,1046315,187088,-7377623390699990,4067998073800000"
"233140242,09/04/2021,792,""WEAPONS POSSESSION 1 & 2"",118,DANGEROUS WEAPONS,PL 265031B,F,K,75,0,25-44,M,BLACK,1013179,181100,-7389572710099990,4066371533900000"
"233750756,09/17/2021,397,""ROBBERY,OPEN AREA UNCLASSIFIED"",105,ROBBERY,PL 1601503,F,M,13,0,25-44,F,BLACK,988972,207813,-7398296229999990,40737082284000000"
"232881978,08/29/2021,969,""TRAFFIC,UNCLASSIFIED INFRACTIO"",881,OTHER TRAFFIC INFRACTION,VTL051101A,M,Q,102,0,18-24,M,WHITE,1020840,191121,-7386805872199990,4069119234900000"
"233136577,09/04/2021,511,""CONTROLLED SUBSTANCE, POSSESSI"",235,DANGEROUS DRUGS,PL 2200300,M,M,25,0,25-44,M,ASIAN / PACIFIC ISLANDER,1003625,226929,-7393003245799990,4078953081100000"
"232436587,08/18/2021,922,""TRAFFIC,UNCLASSIFIED MISDEMEAN"",348,VEHICLE AND TRAFFIC LAWS,VTL0511001,M,Q,109,0,25-44,M,WHITE HISPANIC,1029176,224095,-7383777916099990,4078165929800000"
"233899668,09/22/2021,922,""TRAFFIC,UNCLASSIFIED MISDEMEAN"",348,VEHICLE AND TRAFFIC LAWS,VTL0511001,M,M,14,0,45-64,M,WHITE,986848,212883,-7399062471199990,4075099904800000"
"232722866,08/25/2021,490,""STOLEN PROPERTY 3,POSSESSION"",232,POSSESSION OF STOLEN PROPERTY,PL 1654000,M,K,72,0,18-24,M,WHITE HISPANIC,981872,174919,-7400857074799990,40646796780000000"
"233879112,09/22/2021,109,""ASSAULT 2,1,UNCLASSIFIED"",106,FELONY ASSAULT,PL 1200501,F,Q,101,0,45-64,M,WHITE HISPANIC,1051771,160771,-7375682647699990,40607706571000000"
"234332769,09/30/2021,339,""LARCENY,PETIT FROM OPEN AREAS,"",341,PETIT LARCENY,PL 1552500,M,B,43,0,25-44,M,WHITE HISPANIC,1020183,239283,-7387017045,4082338729100000"
"232181059,08/12/2021,969,""TRAFFIC,UNCLASSIFIED INFRACTIO"",881,OTHER TRAFFIC INFRACTION,VTL1192AI1,I,Q,107,0,45-64,M,WHITE,1045109,206766,-73780404117,40734000414000000"
"233873167,09/21/2021,114,""OBSTR BREATH/CIRCUL"",344,ASSAULT 3 & RELATED OFFENSES,PL 121110A,M,Q,102,0,18-24,M,WHITE HISPANIC,1031076,193779,-7383112953899990,4069843969400000"
"233928285,09/22/2021,511,""CONTROLLED SUBSTANCE, POSSESSI"",235,DANGEROUS DRUGS,PL 2200300,M,K,77,0,25-44,M,BLACK,1000483,183802,-7394148320399990,4067116410500000"
"233107799,09/03/2021,339,""LARCENY,PETIT FROM OPEN AREAS,"",341,PETIT LARCENY,PL 1552500,M,Q,108,0,45-64,M,WHITE HISPANIC,1000351,211524,-7394189276099990,40747254660000000"
"234172475,09/28/2021,439,""LARCENY,GRAND FROM OPEN AREAS, UNATTENDED"",109,GRAND LARCENY,PL 1553001,F,Q,113,0,45-64,M,BLACK,1046405,187113,-7377590919399990,40680048726000000"
"233632421,09/16/2021,511,""CONTROLLED SUBSTANCE, POSSESSI"",235,DANGEROUS DRUGS,PL 2200300,M,K,73,0,25-44,M,BLACK,1010862,178621,-73904088485,4065691830000000"
"232700115,08/25/2021,114,""OBSTR BREATH/CIRCUL"",344,ASSAULT 3 & RELATED OFFENSES,PL 1211100,M,B,50,0,25-44,M,BLACK HISPANIC,1012317,256662,-7389851864599990,4087111599800000"
"234257362,09/29/2021,109,""ASSAULT 2,1,UNCLASSIFIED"",106,FELONY ASSAULT,PL 1200501,F,B,48,0,<18,F,WHITE HISPANIC,1014006,250406,-7389243945199990,40853939645000000"
"232793414,08/27/2021,507,""CONTROLLED SUBSTANCE, POSSESSI"",117,DANGEROUS DRUGS,PL 2200602,F,Q,105,0,25-44,M,BLACK,1053966,198208,-7374853424299990,4071044548800000"
"233261595,09/08/2021,439,""LARCENY,GRAND FROM OPEN AREAS, UNATTENDED"",109,GRAND LARCENY,PL 1553501,F,M,5,0,25-44,M,BLACK,983903,200257,-7400125319299990,4071634415200000"
"232487946,08/19/2021,269,""MISCHIEF,CRIMINAL,    UNCL 2ND"",121,CRIMINAL MISCHIEF & RELATED OF,PL 145004A,M,B,42,0,25-44,M,BLACK,1012059,244779,-7389950079699990,4083850153900000"
"232700131,08/25/2021,109,""ASSAULT 2,1,UNCLASSIFIED"",106,FELONY ASSAULT,PL 1200505,F,M,19,0,45-64,M,BLACK,997027,220847,-7395387139399990,4077284933300000"
"233339722,09/09/2021,339,""LARCENY,PETIT FROM OPEN AREAS,"",341,PETIT LARCENY,PL 1552500,M,M,6,0,45-64,M,BLACK,986679,207067,-7399123676799990,4073503562400000"
"233024522,09/01/2021,397,""ROBBERY,OPEN AREA UNCLASSIFIED"",105,ROBBERY,PL 1600500,F,M,9,0,25-44,M,BLACK,989626,202204,-7398060684799990,40721686573000000"
"233083952,09/03/2021,748,""CONTEMPT,CRIMINAL"",359,OFFENSES AGAINST PUBLIC ADMINI,PL 2155002,M,Q,103,0,25-44,M,BLACK HISPANIC,1041879,197084,-7379214176799990,40707447364000000"
"232215838,08/13/2021,175,""SEXUAL ABUSE 3,2"",233,SEX CRIMES,PL 13052A1,M,Q,112,0,18-24,M,ASIAN / PACIFIC ISLANDER,1025420,202485,-7385147389399990,4072236368700000"
"232763908,08/26/2021,748,""CONTEMPT,CRIMINAL"",359,OFFENSES AGAINST PUBLIC ADMINI,PL 2155003,M,Q,107,0,45-64,M,WHITE,1037112,203051,-7380928875199990,4072385507900000"
"232221593,08/13/2021,101,""ASSAULT 3"",344,ASSAULT 3 & RELATED OFFENSES,PL 1200001,M,M,13,0,45-64,M,BLACK HISPANIC,987010,208200,-7399004193999990,40738145333000000"
"232823072,08/27/2021,101,""ASSAULT 3"",344,ASSAULT 3 & RELATED OFFENSES,PL 1200001,M,B,50,0,25-44,M,WHITE HISPANIC,1012130,256843,-7389919403499990,4087161338100000"
"234315974,09/30/2021,397,""ROBBERY,OPEN AREA UNCLASSIFIED"",105,ROBBERY,PL 1601504,F,M,32,0,<18,M,BLACK,1001347,237142,-7393823299699990,4081756739000000"
"233982109,09/23/2021,848,""NY STATE LAWS,UNCLASSIFIED MIS"",364,OTHER STATE LAWS (NON PENAL LA,LOC00000MA,M,K,72,0,45-64,M,ASIAN / PACIFIC ISLANDER,984058,178998,-7400069344599990,4065799306600000"
"233865698,09/21/2021,268,""CRIMINAL MIS 2 & 3"",121,CRIMINAL MISCHIEF & RELATED OF,PL 1450502,F,K,63,0,25-44,M,BLACK,1000521,168264,-7394138369799990,4062851560000000"
"232287840,08/15/2021,106,""ASSAULT POLICE/PEACE OFFICER"",106,FELONY ASSAULT,PL 1200800,F,K,71,0,18-24,M,WHITE HISPANIC,997528,182380,-7395213846299990,4066726595700000"
"233922837,09/22/2021,397,""ROBBERY,OPEN AREA UNCLASSIFIED"",105,ROBBERY,PL 1601501,F,M,17,0,25-44,M,BLACK HISPANIC,993166,215386,-7396781838299990,4075786503500000"
"233067524,09/02/2021,439,""LARCENY,GRAND FROM OPEN AREAS, UNATTENDED"",109,GRAND LARCENY,PL 1553001,F,K,81,0,45-64,M,BLACK,1005678,188139,-7392274199999990,4068305713900000"
"232478477,08/19/2021,268,""CRIMINAL MIS 2 & 3"",121,CRIMINAL MISCHIEF & RELATED OF,PL 1450502,F,K,63,0,<18,F,BLACK,1002364,168416,-7393474371899990,4062892923200000"
"232194511,08/13/2021,397,""ROBBERY,OPEN AREA UNCLASSIFIED"",105,ROBBERY,PL 1601001,F,Q,109,0,18-24,M,BLACK,1032084,216954,-7382732958099990,40762043893000000"
"233383574,09/10/2021,705,""FORGERY,ETC.-MISD."",358,OFFENSES INVOLVING FRAUD,PL 1702000,M,B,44,0,45-64,M,BLACK HISPANIC,1006537,244511,-7391945797099990,4083778161800000"
"233407827,09/11/2021,101,""ASSAULT 3"",344,ASSAULT 3 & RELATED OFFENSES,PL 1200001,M,Q,102,0,25-44,M,WHITE HISPANIC,1031076,193779,-7383112953899990,4069843969400000"
"233297324,09/08/2021,259,""CRIMINAL MISCHIEF,UNCLASSIFIED 4"",351,CRIMINAL MISCHIEF & RELATED OF,PL 1450001,M,K,79,0,<18,M,BLACK,999507,190206,-7394498708099990,40688743368000000"
"232864484,08/29/2021,268,""CRIMINAL MIS 2 & 3"",121,CRIMINAL MISCHIEF & RELATED OF,PL 1450502,F,K,68,0,25-44,M,WHITE HISPANIC,982766,165998,-7400534718699990,4062231072000000"
"233123200,09/04/2021,490,""STOLEN PROPERTY 3,POSSESSION"",232,POSSESSION OF STOLEN PROPERTY,PL 1654000,M,M,26,0,25-44,M,BLACK HISPANIC,994831,232862,-7396178090099990,4080583018700000"
"232426229,08/18/2021,661,""LEWDNESS,PUBLIC"",361,OFF. AGNST PUB ORD SENSBLTY &,PL 2450000,M,Q,114,0,65+,M,ASIAN / PACIFIC ISLANDER,1000795,218186,-7394027396799990,4076553933200000"
"233183426,09/06/2021,244,""BURGLARY,UNCLASSIFIED,UNKNOWN"",107,BURGLARY,PL 1402501,F,M,9,0,45-64,M,WHITE HISPANIC,987633,203880,-7398779600499990,4072628777500000"
"233161607,09/05/2021,439,""LARCENY,GRAND FROM OPEN AREAS, UNATTENDED"",109,GRAND LARCENY,PL 1553001,F,B,50,0,25-44,M,BLACK HISPANIC,1010984,261034,-7390332096899990,4088311992000000"
"232719682,08/25/2021,244,""BURGLARY,UNCLASSIFIED,UNKNOWN"",107,BURGLARY,PL 1402000,F,M,33,0,25-44,M,WHITE,1002031,245650,-7393573927899990,4084091806300000"
"234129826,09/27/2021,439,""LARCENY,GRAND FROM OPEN AREAS, UNATTENDED"",109,GRAND LARCENY,PL 1553004,F,K,60,0,18-24,M,ASIAN / PACIFIC ISLANDER,991778,148367,-7397290331099990,4057391411000000"
"232823515,08/28/2021,101,""ASSAULT 3"",344,ASSAULT 3 & RELATED OFFENSES,PL 1200001,M,B,46,0,<18,M,BLACK HISPANIC,1010906,249297,-7390364973199990,40850905674000000"
"232795923,08/27/2021,339,""LARCENY,PETIT FROM OPEN AREAS,"",341,PETIT LARCENY,PL 1552500,M,M,30,0,25-44,M,WHITE HISPANIC,996334,239155,-7395634045599990,40823100787000000"
"232871469,08/29/2021,905,""INTOXICATED DRIVING,ALCOHOL"",347,INTOXICATED & IMPAIRED DRIVING,VTL11920U2,M,K,62,0,25-44,M,WHITE HISPANIC,981812,159864,-7400878152299990,4060547394200000"
"233755917,09/18/2021,792,""WEAPONS POSSESSION 1 & 2"",118,DANGEROUS WEAPONS,PL 265031B,F,M,7,0,25-44,M,WHITE HISPANIC,988225,198161,-7398566351999990,4071059024500000"
"232687487,08/25/2021,109,""ASSAULT 2,1,UNCLASSIFIED"",106,FELONY ASSAULT,PL 1200507,F,K,84,0,25-44,M,BLACK,987309,190698,-7398897094299990,4069010641500000"
"233185257,09/06/2021,339,""LARCENY,PETIT FROM OPEN AREAS,"",341,PETIT LARCENY,PL 1552500,M,M,18,0,45-64,M,BLACK,985830,216617,-7399429801399990,40761248169000000"
"233644445,09/16/2021,503,""CONTROLLED SUBSTANCE,INTENT TO"",117,DANGEROUS DRUGS,PL 2201601,F,B,48,0,25-44,M,BLACK HISPANIC,1015448,250381,-7388722703099990,4085386605000000"
"232876674,08/29/2021,101,""ASSAULT 3"",344,ASSAULT 3 & RELATED OFFENSES,PL 1200001,M,Q,103,0,25-44,M,BLACK,1048457,198211,-7376840520699990,40710495414000000"
"233259548,09/08/2021,397,""ROBBERY,OPEN AREA UNCLASSIFIED"",105,ROBBERY,PL 1601001,F,M,30,0,25-44,M,WHITE HISPANIC,998371,240146,-7394897843799990,40825817779000000"
"233950006,09/23/2021,101,""ASSAULT 3"",344,ASSAULT 3 & RELATED OFFENSES,PL 1200001,M,Q,102,0,25-44,M,ASIAN / PACIFIC ISLANDER,1031076,193779,-7383112953899990,4069843969400000"
"232905364,08/30/2021,779,""PUBLIC ADMINISTRATION,UNCLASSI"",126,MISCELLANEOUS PENAL LAW,PL 215510B,F,S,120,0,25-44,M,BLACK,962793,174267,-7407732129999990,40644981504000000"
"232512633,08/20/2021,101,""ASSAULT 3"",344,ASSAULT 3 & RELATED OFFENSES,PL 1200001,M,M,23,0,25-44,M,BLACK,998829,226859,-7394735241299990,4078934789300000"
"234027166,09/24/2021,779,""PUBLIC ADMINISTRATION,UNCLASSI"",126,MISCELLANEOUS PENAL LAW,PL 215510D,F,Q,113,0,25-44,M,BLACK,1046477,184689,-73775671989,4067339490800000"
"232605747,08/23/2021,109,""ASSAULT 2,1,UNCLASSIFIED"",106,FELONY ASSAULT,PL 1200506,F,K,84,0,18-24,M,BLACK,988897,192615,-7398324342499990,4069536744700000"
"233517882,09/14/2021,339,""LARCENY,PETIT FROM OPEN AREAS,"",341,PETIT LARCENY,PL 1552500,M,B,47,0,25-44,M,WHITE HISPANIC,1026486,262591,-7384725001299990,4088733281800000"
"232934849,08/31/2021,109,""ASSAULT 2,1,UNCLASSIFIED"",106,FELONY ASSAULT,PL 1200502,F,Q,106,0,25-44,M,WHITE HISPANIC,1032502,186065,-7382604211299990,4067725891100000"
232559588,08/21/2021,,,,,PL 2410202,M,B,41,0,45-64,F,BLACK,1015683,237311,-7388643880199990,4081799187000000
"233319988,09/09/2021,639,""AGGRAVATED HARASSMENT 2"",361,OFF. AGNST PUB ORD SENSBLTY &,PL 2403002,M,K,75,0,25-44,M,BLACK,1017119,183909,-7388151172399990,4067141166300000"
"233554708,09/14/2021,779,""PUBLIC ADMINISTRATION,UNCLASSI"",126,MISCELLANEOUS PENAL LAW,PL 215510B,F,K,61,0,45-64,M,WHITE,1001171,159828,-7393906315599990,4060535931200000"
"233494678,09/13/2021,105,""STRANGULATION 1ST"",106,FELONY ASSAULT,PL 1211200,F,K,73,0,45-64,M,BLACK,1011055,178343,-7390339399399990,40656154669000000"
"233392843,09/10/2021,922,""TRAFFIC,UNCLASSIFIED MISDEMEAN"",348,VEHICLE AND TRAFFIC LAWS,VTL05110A4,M,K,62,0,25-44,M,BLACK,991976,159402,-7397217796599990,4060420281500000"
"232346642,08/17/2021,681,""CHILD, ENDANGERING WELFARE"",233,SEX CRIMES,PL 2601001,M,Q,109,0,65+,M,ASIAN / PACIFIC ISLANDER,1032198,217060,-7382691730799990,4076233421800000"
"232210258,08/13/2021,922,""TRAFFIC,UNCLASSIFIED MISDEMEAN"",348,VEHICLE AND TRAFFIC LAWS,VTL05110MU,M,K,62,0,25-44,M,BLACK,984662,166678,-7399851726999990,4062417729300000"
"234096483,09/26/2021,397,""ROBBERY,OPEN AREA UNCLASSIFIED"",105,ROBBERY,PL 1601001,F,Q,115,0,<18,M,BLACK,1020217,216520,-7387016949999990,4076090891600000"
"233453216,09/12/2021,109,""ASSAULT 2,1,UNCLASSIFIED"",106,FELONY ASSAULT,PL 1200501,F,S,120,0,25-44,F,WHITE HISPANIC,955952,161863,-7410192067399990,4061091593500000"
"234012104,09/24/2021,109,""ASSAULT 2,1,UNCLASSIFIED"",106,FELONY ASSAULT,PL 1200501,F,K,88,0,25-44,M,BLACK,995302,190524,-7396014913199990,4068962245400000"
"232419254,08/17/2021,782,""WEAPONS, POSSESSION, ETC"",236,DANGEROUS WEAPONS,PL 2650102,M,Q,111,0,45-64,M,WHITE,1047985,211993,-7376997717599990,4074832692500000"
"232258421,08/14/2021,922,""TRAFFIC,UNCLASSIFIED MISDEMEAN"",348,VEHICLE AND TRAFFIC LAWS,VTL0511001,M,K,67,0,18-24,M,BLACK,998891,174987,-7394724133099990,4064697164500000"
"232909603,08/30/2021,339,""LARCENY,PETIT FROM OPEN AREAS,"",341,PETIT LARCENY,PL 1552500,M,M,18,0,45-64,F,ASIAN / PACIFIC ISLANDER,990879,217248,-7397607166899990,40762977758000000"
"234188818,09/28/2021,109,""ASSAULT 2,1,UNCLASSIFIED"",106,FELONY ASSAULT,PL 1200700,F,Q,110,0,25-44,M,WHITE HISPANIC,1020237,210724,-7387012832399990,4074500029700000"
"232609033,08/23/2021,339,""LARCENY,PETIT FROM OPEN AREAS,"",341,PETIT LARCENY,PL 1552500,M,Q,114,0,45-64,M,WHITE,1007977,217884,-7391434801399990,4076469406300000"
"233575349,09/15/2021,109,""ASSAULT 2,1,UNCLASSIFIED"",106,FELONY ASSAULT,PL 1200501,F,K,72,0,45-64,M,BLACK,984058,178998,-7400069344599990,4065799306600000"
"232822751,08/27/2021,729,""FORGERY,ETC.,UNCLASSIFIED-FELO"",113,FORGERY,PL 1701501,F,K,70,0,65+,M,BLACK,993409,168457,-7396700505299990,4062905555200000"
"232317539,08/16/2021,339,""LARCENY,PETIT FROM OPEN AREAS,"",341,PETIT LARCENY,PL 1552500,M,K,70,0,45-64,F,BLACK,996678,174177,-7395521755899990,4064475175100000"
"234215461,09/29/2021,397,""ROBBERY,OPEN AREA UNCLASSIFIED"",105,ROBBERY,PL 160102A,F,M,19,0,45-64,M,WHITE,994297,218680,-7396373101899990,4076690500600000"
"232258408,08/15/2021,101,""ASSAULT 3"",344,ASSAULT 3 & RELATED OFFENSES,PL 1200001,M,B,42,0,25-44,M,BLACK HISPANIC,1010859,241026,-7390385243499990,40828204336000000"
"233225184,09/07/2021,760,""BRIBERY,PUBLIC ADMINISTRATION"",126,MISCELLANEOUS PENAL LAW,PL 2154002,F,M,14,1,25-44,M,WHITE,987341,215631,-73988844106,4075854145200000"
"233120625,09/04/2021,750,""RESISTING ARREST"",359,OFFENSES AGAINST PUBLIC ADMINI,PL 2053000,M,K,69,0,45-64,M,BLACK,1012575,170844,-7389794727799990,4063556681100000"
"232412177,08/18/2021,779,""PUBLIC ADMINISTRATION,UNCLASSI"",126,MISCELLANEOUS PENAL LAW,PL 215510D,F,M,14,0,25-44,M,BLACK,985802,213781,-7399439974299990,4075346407600000"
"232237021,08/14/2021,339,""LARCENY,PETIT FROM OPEN AREAS,"",341,PETIT LARCENY,PL 1552500,M,M,33,0,25-44,M,WHITE HISPANIC,1001452,248252,-7393782516199990,4084806093700000"
"233328041,09/09/2021,339,""LARCENY,PETIT FROM OPEN AREAS,"",341,PETIT LARCENY,PL 1552500,M,K,78,0,25-44,M,WHITE HISPANIC,987842,182748,-7398705322499990,4066828526200000"
"232382972,08/18/2021,729,""FORGERY,ETC.,UNCLASSIFIED-FELO"",113,FORGERY,PL 1703000,F,K,88,0,18-24,M,BLACK,990355,192214,-7397798594499990,4069426591000000"
"233828554,09/20/2021,339,""LARCENY,PETIT FROM OPEN AREAS,"",341,PETIT LARCENY,PL 1552500,M,B,50,0,25-44,M,BLACK,1011853,261707,-7390017555799990,4088496441800000"
"233720125,09/17/2021,748,""CONTEMPT,CRIMINAL"",359,OFFENSES AGAINST PUBLIC ADMINI,PL 2155002,M,Q,104,0,25-44,M,WHITE HISPANIC,1013787,195967,-7389347040299990,4070451983100000"
"233934897,09/22/2021,101,""ASSAULT 3"",344,ASSAULT 3 & RELATED OFFENSES,PL 1200001,M,Q,102,0,25-44,M,WHITE HISPANIC,1024664,192487,-7385426129299990,4069492506300000"
"233244687,09/07/2021,439,""LARCENY,GRAND FROM OPEN AREAS, UNATTENDED"",109,GRAND LARCENY,PL 1553501,F,B,43,0,25-44,M,BLACK,1023979,235129,-7385647957899990,4081196948300000"
"234260333,09/29/2021,494,""STOLEN PROPERTY 2,1,POSSESSION"",111,POSSESSION OF STOLEN PROPERTY,PL 1654501,F,K,84,0,45-64,M,BLACK,987759,191193,-7398734802299990,4069146490900000"
"234032706,09/24/2021,109,""ASSAULT 2,1,UNCLASSIFIED"",106,FELONY ASSAULT,PL 1200501,F,M,6,0,18-24,M,BLACK,981381,206104,-7401035338999990,4073239229300000"
"233392341,09/10/2021,101,""ASSAULT 3"",344,ASSAULT 3 & RELATED OFFENSES,PL 1200001,M,K,79,0,25-44,M,WHITE HISPANIC,1000733,192989,-7394055950799990,40696379861000000"
"233054232,09/02/2021,793,""WEAPONS POSSESSION 3"",118,DANGEROUS WEAPONS,PL 2650201,F,M,18,0,25-44,M,BLACK,987424,218566,-7398854312299990,40766597244000000"
"232664695,08/24/2021,268,""CRIMINAL MIS 2 & 3"",121,CRIMINAL MISCHIEF & RELATED OF,PL 1451000,F,M,18,0,25-44,M,BLACK,990319,217877,-7397809262399990,4076470460400000"
"233928299,09/22/2021,748,""CONTEMPT,CRIMINAL"",359,OFFENSES AGAINST PUBLIC ADMINI,PL 2155003,M,Q,103,0,25-44,M,BLACK,1038424,196170,-7380461077599990,4070496048300000"
"233486074,09/13/2021,109,""ASSAULT 2,1,UNCLASSIFIED"",106,FELONY ASSAULT,PL 1200509,F,Q,109,0,45-64,M,BLACK,1031348,215944,-7382999347399990,4075927565800000"
"233294289,09/08/2021,175,""SEXUAL ABUSE 3,2"",233,SEX CRIMES,PL 13052A1,M,M,25,0,25-44,F,BLACK,1000555,230994,-7394110928599990,40800694331000000"
"233934223,09/23/2021,779,""PUBLIC ADMINISTRATION,UNCLASSI"",126,MISCELLANEOUS PENAL LAW,PL 215510B,F,Q,100,0,25-44,M,WHITE,1041439,155257,-7379408341299990,4059264449900000"
"232803973,08/27/2021,101,""ASSAULT 3"",344,ASSAULT 3 & RELATED OFFENSES,PL 1200001,M,K,71,0,25-44,F,BLACK,1000630,178896,-7394096520299990,4065769795200000"
"232512626,08/20/2021,439,""LARCENY,GRAND FROM OPEN AREAS, UNATTENDED"",109,GRAND LARCENY,PL 1553004,F,M,30,0,25-44,M,BLACK HISPANIC,996329,238263,-7395636012799990,40820652506000000"
"233934387,09/23/2021,101,""ASSAULT 3"",344,ASSAULT 3 & RELATED OFFENSES,PL 1200001,M,B,42,0,18-24,M,BLACK,1011743,244940,-7390064214799990,4083894442600000"
"232267458,08/15/2021,681,""CHILD, ENDANGERING WELFARE"",233,SEX CRIMES,PL 2601001,M,Q,102,0,25-44,M,ASIAN / PACIFIC ISLANDER,1030954,193887,-7383156876499990,40698736773000000"
"232702497,08/25/2021,139,""MURDER,UNCLASSIFIED"",101,MURDER & NON-NEGL. MANSLAUGHTE,PL 1252501,F,Q,106,0,25-44,M,BLACK,1028605,187930,-7384007936899990,4068239828900000"
"232398258,08/18/2021,139,""MURDER,UNCLASSIFIED"",101,MURDER & NON-NEGL. MANSLAUGHTE,PL 1252501,F,Q,113,0,25-44,M,BLACK,1046405,187113,-7377590919399990,40680048726000000"
"232934827,08/31/2021,101,""ASSAULT 3"",344,ASSAULT 3 & RELATED OFFENSES,PL 1200001,M,B,49,0,18-24,F,WHITE HISPANIC,1027430,251105,-7384390995399990,4085580274300000"
"234285905,09/30/2021,494,""STOLEN PROPERTY 2,1,POSSESSION"",111,POSSESSION OF STOLEN PROPERTY,PL 1655200,F,B,44,0,25-44,M,BLACK HISPANIC,1006537,244511,-7391945797099990,4083778161800000"
"234260929,09/29/2021,106,""ASSAULT POLICE/PEACE OFFICER"",106,FELONY ASSAULT,PL 12005A3,F,M,14,0,25-44,M,WHITE HISPANIC,986882,214802,-7399050124799990,4075626620700000"
"233915155,09/22/2021,729,""FORGERY,ETC.,UNCLASSIFIED-FELO"",113,FORGERY,PL 1701004,F,M,14,1,25-44,M,BLACK,986944,214915,-7399027741399990,40756576344000000"
"234226536,09/29/2021,101,""ASSAULT 3"",344,ASSAULT 3 & RELATED OFFENSES,PL 1200001,M,B,47,0,25-44,M,BLACK,1024846,257598,-7385321151299990,4087363629800000"
"234316960,09/30/2021,905,""INTOXICATED DRIVING,ALCOHOL"",347,INTOXICATED & IMPAIRED DRIVING,VTL11920U3,M,Q,104,0,25-44,M,WHITE HISPANIC,1012641,203330,-7389757262399990,40724733248000000"
"233206194,09/07/2021,511,""CONTROLLED SUBSTANCE, POSSESSI"",235,DANGEROUS DRUGS,PL 2200300,M,M,14,0,45-64,M,BLACK,986320,212857,-7399253038399990,4075092782300000"
"232196529,08/13/2021,397,""ROBBERY,OPEN AREA UNCLASSIFIED"",105,ROBBERY,PL 1601503,F,K,75,0,25-44,M,WHITE HISPANIC,1017119,183909,-7388151172399990,4067141166300000"
"233596303,09/15/2021,397,""ROBBERY,OPEN AREA UNCLASSIFIED"",105,ROBBERY,PL 1600500,F,M,1,0,25-44,M,BLACK,980431,197052,-7401377604799990,40707546370000000"
"232556294,08/21/2021,681,""CHILD, ENDANGERING WELFARE"",233,SEX CRIMES,PL 2601001,M,B,46,0,25-44,M,BLACK,1011881,250411,-7390012087499990,4085396027400000"
"233619544,09/16/2021,269,""MISCHIEF,CRIMINAL,    UNCL 2ND"",121,CRIMINAL MISCHIEF & RELATED OF,PL 1450501,F,B,46,0,45-64,M,BLACK HISPANIC,1008534,252680,-7391221138699990,4086019783800000"
"232639714,08/24/2021,101,""ASSAULT 3"",344,ASSAULT 3 & RELATED OFFENSES,PL 1200001,M,S,120,0,18-24,M,WHITE HISPANIC,962793,174267,-7407732129999990,40644981504000000"
"232317540,08/16/2021,792,""WEAPONS POSSESSION 1 & 2"",118,DANGEROUS WEAPONS,PL 2650303,F,K,73,0,25-44,F,BLACK,1007691,181770,-7391550620799990,40665570569000000"
"232588370,08/23/2021,681,""CHILD, ENDANGERING WELFARE"",233,SEX CRIMES,PL 2601001,M,Q,114,0,25-44,F,WHITE HISPANIC,1007654,219564,-7391550817999990,4076930608700000"
"233783520,09/19/2021,339,""LARCENY,PETIT FROM OPEN AREAS,"",341,PETIT LARCENY,PL 1552500,M,B,45,0,25-44,M,BLACK,1031168,254810,-7383037154499990,4086595276200000"
"233722440,09/17/2021,115,""RECKLESS ENDANGERMENT 2"",355,OFFENSES AGAINST THE PERSON,PL 1202000,M,Q,103,0,18-24,M,BLACK,1038832,195935,-7380314114199990,4070431295700000"
"233291321,09/08/2021,511,""CONTROLLED SUBSTANCE, POSSESSI"",235,DANGEROUS DRUGS,PL 2200300,M,Q,103,0,45-64,M,BLACK,1037831,194658,-7380676158599990,4070081401700000"
"233508149,09/14/2021,101,""ASSAULT 3"",344,ASSAULT 3 & RELATED OFFENSES,PL 1200001,M,Q,102,0,45-64,M,ASIAN / PACIFIC ISLANDER,1031076,193779,-7383112953899990,4069843969400000"
"233549865,09/14/2021,49,""U.S. CODE UNCLASSIFIED"",995,FOR OTHER AUTHORITIES,FOA9000049,,Q,113,0,25-44,M,BLACK,1039225,181937,-7380183792699990,40665889305000000"
"233971784,09/23/2021,397,""ROBBERY,OPEN AREA UNCLASSIFIED"",105,ROBBERY,PL 1601503,F,Q,107,0,18-24,F,BLACK,1036628,204948,-7381102013199990,4072906475000000"
"233488197,09/13/2021,113,""MENACING,UNCLASSIFIED"",344,ASSAULT 3 & RELATED OFFENSES,PL 1201401,M,K,61,2,45-64,M,BLACK,1002208,157510,-7393533472799990,4059899483300000"
