"ARREST_KEY,ARREST_DATE,PD_CD,PD_DESC,KY_CD,OFNS_DESC,LAW_CODE,LAW_CAT_CD,ARREST_BORO,ARREST_PRECINCT,JURISDICTION_CODE,AGE_GROUP,PERP_SEX,PERP_RACE,X_COORD_CD,Y_COORD_CD,Longitude,Latitude"
"234233843,09/29/2021,105,STRANGULATION 1ST,106,FELONY ASSAULT,PL 1211200,F,B,42,0,25-44,M,BLACK,1009231,240290,-73.90973779,40.82618898"
"234129823,09/27/2021,157,RAPE 1,104,RAPE,PL 1303501,F,K,77,0,25-44,M,BLACK,1003606,185050,-73.93022154,40.67458331"
"234040747,09/25/2021,109,ASSAULT 2-1-UNCLASSIFIED,106,FELONY ASSAULT,PL 1200501,F,Q,101,0,25-44,M,BLACK,1049232,159210,-73.76598559,40.60344094"
"234047720,09/25/2021,101,ASSAULT 3,344,ASSAULT 3 & RELATED OFFENSES,PL 1200001,M,B,44,0,25-44,M,BLACK,1006537,244511,-73.91945797,40.83778162"
"234042526,09/25/2021,101,ASSAULT 3,344,ASSAULT 3 & RELATED OFFENSES,PL 1200001,M,B,44,0,25-44,M,BLACK,1007418,243859,-73.91627636,40.8359898"
"234006839,09/24/2021,582,,,,PL 2225501,F,M,23,0,25-44,M,BLACK,998659,228177,-73.9479635,40.79296573"
"233952333,09/23/2021,397,ROBBERY-OPEN AREA UNCLASSIFIED,105,ROBBERY,PL 1600500,F,K,75,0,18-24,M,BLACK,1017119,183909,-73.88151172,40.67141166"
"233878488,09/21/2021,105,STRANGULATION 1ST,106,FELONY ASSAULT,PL 1211300,F,B,40,0,25-44,M,WHITE,1010679,234533,-73.90452842,40.81038343"
"233784866,09/19/2021,101,ASSAULT 3,344,ASSAULT 3 & RELATED OFFENSES,PL 1200001,M,B,44,0,25-44,F,BLACK,1004489,237844,-73.92687939,40.81948754"
"233647454,09/16/2021,397,ROBBERY-OPEN AREA UNCLASSIFIED,105,ROBBERY,PL 1601503,F,K,61,0,18-24,M,BLACK,995834,161062,-73.95828139,40.60875497"
"233424190,09/11/2021,157,RAPE 1,104,RAPE,PL 1303501,F,Q,104,0,25-44,M,BLACK,1013764,195875,-73.89355376,40.70426739"
"233313873,09/09/2021,101,ASSAULT 3,344,ASSAULT 3 & RELATED OFFENSES,PL 1200001,M,B,40,0,45-64,M,BLACK,1005041,234533,-73.92489531,40.81039849"
"233149743,09/05/2021,244,BURGLARY-UNCLASSIFIED-UNKNOWN,107,BURGLARY,PL 1402000,F,B,48,0,45-64,M,WHITE HISPANIC,1011811,246833,-73.90038862,40.84413995"
"232950216,08/31/2021,166,SODOMY 2,116,SEX CRIMES,PL 1304501,F,Q,108,0,25-44,M,WHITE,996793,210001,-73.95473646,40.74308017"
"232880758,08/29/2021,101,ASSAULT 3,344,ASSAULT 3 & RELATED OFFENSES,PL 1200001,M,B,52,0,25-44,M,WHITE HISPANIC,1008801,253511,-73.9112431,40.86247794"
"232808098,08/27/2021,157,RAPE 1,104,RAPE,PL 1303504,F,K,77,0,45-64,M,WHITE HISPANIC,1003606,185050,-73.93022154,40.67458331"
"232644643,08/24/2021,153,RAPE 3,104,RAPE,PL 1302503,F,K,77,0,25-44,M,BLACK,1003606,185050,-73.93022154,40.67458331"
"232582509,08/22/2021,101,ASSAULT 3,344,ASSAULT 3 & RELATED OFFENSES,PL 1200001,M,M,24,0,25-44,M,BLACK,993217,231662,-73.96761257,40.8025383"
"232534290,08/21/2021,157,RAPE 1,104,RAPE,PL 1303501,F,M,32,0,45-64,M,BLACK,999358,236472,-73.94542041,40.81573205"
"232551911,08/21/2021,263,ARSON 2-3-4,114,ARSON,PL 1500501,F,M,18,0,45-64,M,BLACK,987595,216089,-73.98792703,40.75979845"
"232272176,08/15/2021,397,ROBBERY-OPEN AREA UNCLASSIFIED,105,ROBBERY,PL 1600500,F,K,60,1,45-64,M,BLACK,989547,148969,-73.98093365,40.5755681"
"232136706,08/12/2021,109,ASSAULT 2-1-UNCLASSIFIED,106,FELONY ASSAULT,PL 1200501,F,K,67,0,25-44,F,BLACK,997897,175677,-73.9508219,40.64886713"
"232064905,08/11/2021,105,STRANGULATION 1ST,106,FELONY ASSAULT,PL 1211200,F,B,44,0,25-44,M,BLACK,1004104,241766,-73.92825876,40.83025319"
"232057459,08/10/2021,105,STRANGULATION 1ST,106,FELONY ASSAULT,PL 1211200,F,K,62,0,25-44,M,WHITE,985875,155234,-73.99415036,40.59276571"
"232004916,08/09/2021,101,ASSAULT 3,344,ASSAULT 3 & RELATED OFFENSES,PL 1200001,M,B,49,0,45-64,M,WHITE,1022868,250911,-73.86040223,40.8552914"
"231883145,08/06/2021,109,ASSAULT 2-1-UNCLASSIFIED,106,FELONY ASSAULT,PL 1201003,F,Q,105,0,25-44,M,BLACK,1057767,203993,-73.73476085,40.72629309"
"231814349,08/05/2021,748,CONTEMPT-CRIMINAL,359,OFFENSES AGAINST PUBLIC ADMINI,PL 2155006,M,M,30,0,25-44,M,BLACK,1000365,240994,-73.94177154,40.82814189"
"231682136,08/02/2021,515,CONTROLLED SUBSTANCE-SALE 3,117,DANGEROUS DRUGS,PL 2203901,F,B,42,0,18-24,M,BLACK,1012461,242851,-73.89805609,40.83320846"
"230713852,07/11/2021,101,ASSAULT 3,344,ASSAULT 3 & RELATED OFFENSES,PL 1200001,M,K,81,0,25-44,M,BLACK,1001140,190045,-73.93909914,40.68829849"
"230537081,07/07/2021,105,STRANGULATION 1ST,106,FELONY ASSAULT,PL 1211200,F,M,26,0,25-44,M,BLACK,996343,236150,-73.95631335,40.81485289"
"230530210,07/07/2021,779,PUBLIC ADMINISTRATION-UNCLASSI,126,MISCELLANEOUS PENAL LAW,PL 215510D,F,S,122,0,25-44,M,BLACK,956215,154765,-74.10094398,40.59143421"
"230531262,07/07/2021,681,CHILD- ENDANGERING WELFARE,233,SEX CRIMES,PL 2601001,M,Q,105,0,25-44,M,BLACK,1057636,203954,-73.7352339,40.72618713"
"230459212,07/05/2021,157,RAPE 1,104,RAPE,PL 1303503,F,K,73,0,25-44,M,BLACK,1008276,183623,-73.91339092,40.67065507"
"230221189,06/29/2021,109,ASSAULT 2-1-UNCLASSIFIED,106,FELONY ASSAULT,PL 1200501,F,Q,105,0,25-44,F,BLACK,1051945,180331,-73.75600361,40.66139309"
"230213160,06/29/2021,729,FORGERY-ETC.-UNCLASSIFIED-FELO,113,FORGERY,PL 1701004,F,Q,103,1,45-64,M,BLACK,1037559,194576,-73.8077432,40.70059059"
"230034973,06/24/2021,105,STRANGULATION 1ST,106,FELONY ASSAULT,PL 1211200,F,Q,102,0,25-44,M,BLACK,1030111,196599,-73.83459047,40.70618497"
"229750961,06/18/2021,157,RAPE 1,104,RAPE,PL 1303504,F,B,46,0,45-64,M,BLACK HISPANIC,1011881,250411,-73.90012087,40.85396027"
"229419746,06/11/2021,157,RAPE 1,104,RAPE,PL 1303501,F,Q,112,0,25-44,M,WHITE HISPANIC,1025420,202485,-73.85147389,40.72236369"
"229363274,06/10/2021,101,ASSAULT 3,344,ASSAULT 3 & RELATED OFFENSES,PL 1200001,M,B,47,0,25-44,M,BLACK,1021782,256462,-73.86429689,40.87053189"
"228885618,05/30/2021,109,ASSAULT 2-1-UNCLASSIFIED,106,FELONY ASSAULT,PL 1200502,F,Q,113,0,25-44,M,BLACK,1044016,189890,-73.78449777,40.68768739"
"228839426,05/29/2021,157,RAPE 1,104,RAPE,PL 1303502,F,Q,112,0,45-64,M,BLACK,1025420,202485,-73.85147389,40.72236369"
"227995603,05/11/2021,105,STRANGULATION 1ST,106,FELONY ASSAULT,PL 1211200,F,B,44,0,25-44,M,BLACK,1006537,244511,-73.91945797,40.83778162"
"227917751,05/09/2021,109,ASSAULT 2-1-UNCLASSIFIED,106,FELONY ASSAULT,PL 1200502,F,K,61,0,25-44,F,BLACK,1002184,155832,-73.93542561,40.59438911"
"227733114,05/05/2021,293,CONSPIRACY 2- 1,126,MISCELLANEOUS PENAL LAW,PL 1051500,F,K,88,0,25-44,M,BLACK,991368,192539,-73.97433258,40.6951572"
"227394148,04/27/2021,105,STRANGULATION 1ST,106,FELONY ASSAULT,PL 1211300,F,K,88,0,25-44,M,WHITE,995302,190524,-73.96014913,40.68962245"
"227166986,04/20/2021,101,ASSAULT 3,344,ASSAULT 3 & RELATED OFFENSES,PL 1200001,M,B,42,0,25-44,F,BLACK,1016105,242923,-73.88488754,40.83339369"
"227073285,04/18/2021,263,ARSON 2-3-4,114,ARSON,PL 1500501,F,Q,113,71,25-44,F,BLACK,1044392,186720,-73.7831703,40.67898394"
"226851227,04/13/2021,109,ASSAULT 2-1-UNCLASSIFIED,106,FELONY ASSAULT,PL 1200502,F,M,13,0,25-44,M,BLACK,988972,207813,-73.9829623,40.73708228"
"226733135,04/09/2021,157,RAPE 1,104,RAPE,PL 1303501,F,B,42,2,25-44,M,BLACK,1008798,238971,-73.91130717,40.82256992"
"226663755,04/08/2021,681,CHILD- ENDANGERING WELFARE,233,SEX CRIMES,PL 2601001,M,M,20,0,18-24,M,BLACK,991168,224929,-73.97502051,40.78405987"
"226616532,04/07/2021,109,ASSAULT 2-1-UNCLASSIFIED,106,FELONY ASSAULT,PL 1200501,F,B,50,0,25-44,F,BLACK,1010984,261034,-73.90332097,40.88311992"
"226611132,04/07/2021,155,RAPE 2,104,RAPE,PL 1303001,F,Q,112,0,18-24,M,WHITE HISPANIC,1025420,202485,-73.85147389,40.72236369"
"226611126,04/07/2021,244,BURGLARY-UNCLASSIFIED-UNKNOWN,107,BURGLARY,PL 1402000,F,Q,102,0,45-64,M,WHITE HISPANIC,1031076,193779,-73.83112954,40.69843969"
"226230315,03/29/2021,105,STRANGULATION 1ST,106,FELONY ASSAULT,PL 1211200,F,Q,103,0,25-44,M,BLACK,1039024,192717,-73.80247483,40.69547913"
"226210379,03/28/2021,157,RAPE 1,104,RAPE,PL 1303501,F,B,49,0,45-64,M,BLACK,1027295,251236,-73.84439712,40.85616296"
"226086805,03/25/2021,153,RAPE 3,104,RAPE,PL 1302503,F,Q,112,0,45-64,M,WHITE HISPANIC,1025420,202485,-73.85147389,40.72236369"
"226078625,03/24/2021,177,SEXUAL ABUSE,116,SEX CRIMES,PL 1306501,F,K,61,0,25-44,M,WHITE,995244,155739,-73.96041495,40.59414517"
"225996495,03/23/2021,397,ROBBERY-OPEN AREA UNCLASSIFIED,105,ROBBERY,PL 1601504,F,K,84,0,25-44,M,BLACK,987042,193563,-73.98993254,40.69797027"
"225959352,03/22/2021,263,ARSON 2-3-4,114,ARSON,PL 1501500,F,K,73,71,25-44,M,BLACK,1010165,181388,-73.90658992,40.66451517"
"225900071,03/21/2021,157,RAPE 1,104,RAPE,PL 1303504,F,B,43,0,25-44,M,WHITE HISPANIC,1020316,239179,-73.86969046,40.8231013"
"225646955,03/15/2021,244,BURGLARY-UNCLASSIFIED-UNKNOWN,107,BURGLARY,PL 1402000,F,K,94,0,25-44,M,WHITE,1000216,205314,-73.94239472,40.73020999"
"225579544,03/13/2021,105,STRANGULATION 1ST,106,FELONY ASSAULT,PL 1211200,F,K,60,0,25-44,M,BLACK,985897,148507,-73.99407279,40.57430143"
"225518234,03/12/2021,339,LARCENY-PETIT FROM OPEN AREAS-,341,PETIT LARCENY,PL 1552500,M,M,24,0,25-44,M,BLACK,993575,228739,-73.96632353,40.79451509"
"225409428,03/10/2021,397,ROBBERY-OPEN AREA UNCLASSIFIED,105,ROBBERY,PL 1600500,F,B,42,0,25-44,M,BLACK,1008691,238872,-73.91169413,40.82229849"
"225393050,03/10/2021,101,ASSAULT 3,344,ASSAULT 3 & RELATED OFFENSES,PL 1200001,M,B,45,0,45-64,M,BLACK,1031195,256988,-73.83025867,40.87193055"
"225232624,03/06/2021,105,STRANGULATION 1ST,106,FELONY ASSAULT,PL 1211200,F,M,6,0,25-44,M,WHITE,982560,208859,-74.00610001,40.73995439"
"225177282,03/05/2021,748,CONTEMPT-CRIMINAL,359,OFFENSES AGAINST PUBLIC ADMINI,PL 2155003,M,M,9,0,25-44,M,WHITE HISPANIC,987633,203880,-73.987796,40.72628778"
"225138663,03/04/2021,729,FORGERY-ETC.-UNCLASSIFIED-FELO,113,FORGERY,PL 1657200,F,M,14,0,45-64,M,BLACK,989809,214265,-73.97993669,40.75479092"
"225124668,03/04/2021,105,STRANGULATION 1ST,106,FELONY ASSAULT,PL 1211200,F,K,73,0,45-64,M,BLACK,1008228,183789,-73.91356336,40.67111083"
"225007485,03/01/2021,101,ASSAULT 3,344,ASSAULT 3 & RELATED OFFENSES,PL 1200001,M,K,75,0,25-44,M,BLACK,1012615,181279,-73.89775928,40.66420848"
"224939411,02/28/2021,105,STRANGULATION 1ST,106,FELONY ASSAULT,PL 1211200,F,K,73,0,25-44,M,BLACK,1008228,183789,-73.91356336,40.67111083"
"224828178,02/25/2021,105,STRANGULATION 1ST,106,FELONY ASSAULT,PL 1211200,F,B,42,0,18-24,M,BLACK,1008691,238872,-73.91169413,40.82229849"
"224231712,02/11/2021,175,SEXUAL ABUSE 3-2,233,SEX CRIMES,PL 13052A1,M,M,5,0,25-44,M,BLACK,984946,200203,-73.99749075,40.71619591"
"224112668,02/08/2021,105,STRANGULATION 1ST,106,FELONY ASSAULT,PL 1211200,F,B,44,0,25-44,M,BLACK,1007509,244581,-73.915945,40.83797124"
"224041239,02/06/2021,101,ASSAULT 3,344,ASSAULT 3 & RELATED OFFENSES,PL 1200001,M,Q,114,0,25-44,M,BLACK,1007694,219657,-73.91536345,40.76956124"
"224043397,02/06/2021,101,ASSAULT 3,344,ASSAULT 3 & RELATED OFFENSES,PL 1200001,M,M,18,0,25-44,M,BLACK,988211,218129,-73.98570226,40.76539748"
"223994723,02/05/2021,175,SEXUAL ABUSE 3-2,233,SEX CRIMES,PL 1306002,M,B,41,0,45-64,M,BLACK,1013232,236725,-73.89529641,40.81639185"
"223988762,02/05/2021,101,ASSAULT 3,344,ASSAULT 3 & RELATED OFFENSES,PL 1200001,M,B,47,0,25-44,M,BLACK,1026486,262591,-73.84725001,40.88733282"
"223782194,01/31/2021,101,ASSAULT 3,344,ASSAULT 3 & RELATED OFFENSES,PL 1200001,M,Q,107,0,25-44,M,BLACK,1035562,206811,-73.81485207,40.73418447"
"223791186,01/31/2021,729,FORGERY-ETC.-UNCLASSIFIED-FELO,113,FORGERY,PL 1701501,F,K,75,0,25-44,M,BLACK,1015385,178908,-73.88778572,40.6576913"
"223671547,01/28/2021,105,STRANGULATION 1ST,106,FELONY ASSAULT,PL 1211200,F,B,42,0,45-64,M,BLACK,1008051,239452,-73.91400444,40.82389217"
"223467709,01/23/2021,750,RESISTING ARREST,359,OFFENSES AGAINST PUBLIC ADMINI,PL 2053000,M,K,63,0,18-24,M,BLACK,1002985,168038,-73.93250755,40.62789041"
"223080532,01/14/2021,397,ROBBERY-OPEN AREA UNCLASSIFIED,105,ROBBERY,PL 1601502,F,M,24,0,18-24,M,BLACK,993373,229301,-73.96705231,40.79605784"
"223009025,01/13/2021,175,SEXUAL ABUSE 3-2,233,SEX CRIMES,PL 13052A1,M,B,41,0,45-64,M,WHITE HISPANIC,1013232,236725,-73.89529641,40.81639185"
"222835726,01/09/2021,101,ASSAULT 3,344,ASSAULT 3 & RELATED OFFENSES,PL 1200001,M,M,24,0,25-44,M,BLACK,991123,226599,-73.9751813,40.78864361"
"222671436,01/06/2021,157,RAPE 1,104,RAPE,PL 1303501,F,Q,112,0,25-44,M,ASIAN / PACIFIC ISLANDER,1025420,202485,-73.85147389,40.72236369"
"222545992,01/03/2021,101,ASSAULT 3,344,ASSAULT 3 & RELATED OFFENSES,PL 1200001,M,K,63,0,25-44,M,BLACK,1002249,166679,-73.93516265,40.62416177"
"232909600,08/30/2021,109,ASSAULT 2-1-UNCLASSIFIED,106,FELONY ASSAULT,PL 1200501,F,M,10,0,25-44,M,WHITE,985309,215677,-73.99617885,40.75866819"
"234093160,09/26/2021,490,STOLEN PROPERTY 3-POSSESSION,232,POSSESSION OF STOLEN PROPERTY,PL 1654000,M,K,75,0,<18,M,WHITE HISPANIC,1018476,187132,-73.8766035,40.68025292"
"233475134,09/13/2021,922,TRAFFIC-UNCLASSIFIED MISDEMEAN,348,VEHICLE AND TRAFFIC LAWS,VTL0511001,M,S,122,0,25-44,M,WHITE,954827,148519,-74.1059144,40.57428569"
"234237578,09/29/2021,511,CONTROLLED SUBSTANCE- POSSESSI,235,DANGEROUS DRUGS,PL 2200300,M,B,52,0,25-44,M,BLACK,1013463,254828,-73.89438301,40.86607851"
"232962888,08/31/2021,904,INTOXICATED DRIVING-ALCOHOL,119,INTOXICATED/IMPAIRED DRIVING,VTL11920D3,F,K,63,0,25-44,M,ASIAN / PACIFIC ISLANDER,1008344,166750,-73.91320605,40.62434217"
"232287414,08/15/2021,847,NY STATE LAWS-UNCLASSIFIED FEL,125,NYS LAWS-UNCLASSIFIED FELONY,VTL05110E3,F,M,32,0,45-64,M,BLACK,1001765,237948,-73.93672073,40.81977881"
"232733936,08/25/2021,101,ASSAULT 3,344,ASSAULT 3 & RELATED OFFENSES,PL 1200001,M,Q,102,0,25-44,M,ASIAN / PACIFIC ISLANDER,1025702,189082,-73.85053903,40.68557433"
"232373859,08/17/2021,109,ASSAULT 2-1-UNCLASSIFIED,106,FELONY ASSAULT,PL 1200502,F,K,88,0,45-64,M,BLACK,991929,189009,-73.97231353,40.6854677"
"232551912,08/21/2021,101,ASSAULT 3,344,ASSAULT 3 & RELATED OFFENSES,PL 1200001,M,M,25,2,25-44,M,BLACK HISPANIC,1003481,229777,-73.93054433,40.79734812"
"232708404,08/25/2021,109,ASSAULT 2-1-UNCLASSIFIED,106,FELONY ASSAULT,PL 1200501,F,K,73,0,25-44,M,BLACK,1008228,183789,-73.91356336,40.67111083"
"234241591,09/29/2021,397,ROBBERY-OPEN AREA UNCLASSIFIED,105,ROBBERY,PL 1601504,F,M,9,0,25-44,M,BLACK,987633,203880,-73.987796,40.72628778"
"234292035,09/30/2021,259,CRIMINAL MISCHIEF-UNCLASSIFIED 4,351,CRIMINAL MISCHIEF & RELATED OF,PL 1450001,M,K,67,0,25-44,M,BLACK,1008026,176910,-73.91431581,40.65223005"
"233264075,09/08/2021,113,MENACING-UNCLASSIFIED,344,ASSAULT 3 & RELATED OFFENSES,PL 1201401,M,B,40,0,25-44,M,BLACK,1005041,234533,-73.92489531,40.81039849"
"232719666,08/25/2021,109,ASSAULT 2-1-UNCLASSIFIED,106,FELONY ASSAULT,PL 1200502,F,B,44,0,45-64,F,BLACK HISPANIC,1009004,243810,-73.91054502,40.83585101"
"232800323,08/26/2021,792,WEAPONS POSSESSION 1 & 2,118,DANGEROUS WEAPONS,PL 265031B,F,K,67,0,25-44,M,BLACK,998935,171309,-73.94709078,40.63687625"
"233779134,09/19/2021,705,FORGERY-ETC.-MISD.,358,OFFENSES INVOLVING FRAUD,PL 1700500,M,B,43,0,25-44,M,WHITE HISPANIC,1022771,244819,-73.86078787,40.8385711"
"233734948,09/18/2021,339,LARCENY-PETIT FROM OPEN AREAS-,341,PETIT LARCENY,PL 1552500,M,B,46,0,18-24,M,BLACK HISPANIC,1010496,247755,-73.90513777,40.84667457"
"233584503,09/15/2021,439,LARCENY-GRAND FROM OPEN AREAS- UNATTENDED,109,GRAND LARCENY,PL 1553001,F,Q,109,0,25-44,M,WHITE,1030101,224098,-73.83443909,40.78166278"
"233775152,09/19/2021,339,LARCENY-PETIT FROM OPEN AREAS-,341,PETIT LARCENY,PL 1552500,M,M,24,0,25-44,M,BLACK,993312,228266,-73.96727402,40.79321711"
"232472333,08/19/2021,511,CONTROLLED SUBSTANCE- POSSESSI,235,DANGEROUS DRUGS,PL 2200300,M,B,44,0,45-64,M,WHITE HISPANIC,1007981,244635,-73.91423903,40.8381182"
"232376413,08/17/2021,782,WEAPONS- POSSESSION- ETC,236,DANGEROUS WEAPONS,PL 2650101,M,B,44,0,18-24,M,WHITE HISPANIC,1005929,242165,-73.92166282,40.83134404"
"232856275,08/28/2021,339,LARCENY-PETIT FROM OPEN AREAS-,341,PETIT LARCENY,PL 1552500,M,M,5,0,45-64,M,BLACK,984918,201131,-73.99759166,40.71874305"
"233300790,09/09/2021,109,ASSAULT 2-1-UNCLASSIFIED,106,FELONY ASSAULT,PL 1200501,F,B,46,0,25-44,M,WHITE HISPANIC,1007243,248348,-73.91689339,40.84831125"
"233158624,09/05/2021,729,FORGERY-ETC.-UNCLASSIFIED-FELO,113,FORGERY,PL 1702500,F,Q,107,0,18-24,M,ASIAN / PACIFIC ISLANDER,1043480,208981,-73.78626251,40.74009108"
"233039300,09/02/2021,493,STOLEN PROPERTY-MOTOR VEH 2ND-,111,POSSESSION OF STOLEN PROPERTY,PL 1654505,F,M,33,3,25-44,M,WHITE HISPANIC,1001192,247161,-73.93876768,40.84506697"
"232190596,08/13/2021,177,SEXUAL ABUSE,116,SEX CRIMES,PL 1306502,F,Q,114,0,25-44,M,WHITE HISPANIC,1007654,219564,-73.91550818,40.76930609"
"232586471,08/22/2021,681,CHILD- ENDANGERING WELFARE,233,SEX CRIMES,PL 2601001,M,Q,106,0,25-44,M,ASIAN / PACIFIC ISLANDER,1028713,187853,-73.83969048,40.6821864"
"234093172,09/26/2021,729,FORGERY-ETC.-UNCLASSIFIED-FELO,113,FORGERY,PL 1702500,F,Q,104,0,25-44,M,BLACK HISPANIC,1009068,195616,-73.91049169,40.70357091"
"233520543,09/14/2021,969,TRAFFIC-UNCLASSIFIED INFRACTIO,881,OTHER TRAFFIC INFRACTION,VTL051101A,M,K,83,0,25-44,M,WHITE HISPANIC,1007023,193783,-73.91787348,40.69854526"
"234019398,09/24/2021,509,POSSESSION HYPODERMIC INSTRUME,235,DANGEROUS DRUGS,PL 2204500,M,M,28,1,25-44,M,BLACK HISPANIC,999342,233575,-73.94548473,40.80778062"
"233002411,09/01/2021,639,AGGRAVATED HARASSMENT 2,361,OFF. AGNST PUB ORD SENSBLTY &,PL 2403002,M,K,61,0,45-64,M,WHITE HISPANIC,995118,155709,-73.96086869,40.59406298"
"233490026,09/13/2021,101,ASSAULT 3,344,ASSAULT 3 & RELATED OFFENSES,PL 1200001,M,B,44,0,18-24,F,BLACK,1003307,239962,-73.93114386,40.82530348"
"233767632,09/19/2021,339,LARCENY-PETIT FROM OPEN AREAS-,341,PETIT LARCENY,PL 1552500,M,M,1,0,45-64,M,ASIAN / PACIFIC ISLANDER,982351,201758,-74.0068522,40.72046384"
"232346627,08/17/2021,105,STRANGULATION 1ST,106,FELONY ASSAULT,PL 1211300,F,K,67,0,18-24,M,BLACK HISPANIC,997897,175677,-73.9508219,40.64886713"
"234181236,09/28/2021,268,CRIMINAL MIS 2 & 3,121,CRIMINAL MISCHIEF & RELATED OF,PL 1450502,F,K,62,0,25-44,M,WHITE HISPANIC,989820,161282,-73.97994077,40.60936465"
"234143752,09/27/2021,490,STOLEN PROPERTY 3-POSSESSION,232,POSSESSION OF STOLEN PROPERTY,PL 1654000,M,M,32,0,18-24,M,WHITE HISPANIC,999937,238365,-73.94332422,40.8209268"
"232750701,08/26/2021,779,PUBLIC ADMINISTRATION-UNCLASSI,126,MISCELLANEOUS PENAL LAW,PL 215510B,F,Q,103,2,25-44,M,BLACK,1041879,197084,-73.79214177,40.70744736"
"232223994,08/13/2021,268,CRIMINAL MIS 2 & 3,121,CRIMINAL MISCHIEF & RELATED OF,PL 1450502,F,Q,104,0,18-24,M,BLACK HISPANIC,1013201,204661,-73.89554654,40.7283847"
"233766203,09/19/2021,101,ASSAULT 3,344,ASSAULT 3 & RELATED OFFENSES,PL 1200001,M,S,123,0,25-44,M,WHITE,929070,142646,-74.19858283,40.55804258"
"233783529,09/19/2021,439,LARCENY-GRAND FROM OPEN AREAS- UNATTENDED,109,GRAND LARCENY,PL 1553001,F,M,1,0,25-44,M,WHITE HISPANIC,982351,201758,-74.0068522,40.72046384"
"234254569,09/29/2021,129,MANSLAUGHTER-UNCLASSIFIED - NO,101,MURDER & NON-NEGL. MANSLAUGHTE,PL 1252000,F,K,67,0,18-24,F,BLACK,997897,175677,-73.9508219,40.64886713"
"233325043,09/09/2021,748,CONTEMPT-CRIMINAL,359,OFFENSES AGAINST PUBLIC ADMINI,PL 2155003,M,M,23,2,25-44,M,BLACK,1001547,229776,-73.93752941,40.79734937"
"234046151,09/25/2021,779,PUBLIC ADMINISTRATION-UNCLASSI,126,MISCELLANEOUS PENAL LAW,PL 215510B,F,K,81,0,45-64,F,BLACK,1002883,192220,-73.93280818,40.69426487"
"233614662,09/15/2021,101,ASSAULT 3,344,ASSAULT 3 & RELATED OFFENSES,PL 1200001,M,Q,103,15,18-24,M,BLACK,1037558,193899,-73.80775216,40.69873239"
"232657212,08/24/2021,339,LARCENY-PETIT FROM OPEN AREAS-,341,PETIT LARCENY,PL 1552500,M,Q,103,0,45-64,F,BLACK,1041920,196749,-73.79199676,40.7065276"
"232874794,08/29/2021,339,LARCENY-PETIT FROM OPEN AREAS-,341,PETIT LARCENY,PL 1552500,M,M,19,0,25-44,M,BLACK,996551,223272,-73.9555855,40.779506"
"232398245,08/18/2021,109,ASSAULT 2-1-UNCLASSIFIED,106,FELONY ASSAULT,PL 1200501,F,K,81,0,45-64,M,WHITE HISPANIC,1005312,190540,-73.92405412,40.68964821"
"233353569,09/09/2021,729,FORGERY-ETC.-UNCLASSIFIED-FELO,113,FORGERY,PL 1702500,F,K,71,0,18-24,M,BLACK,1000099,178228,-73.94288058,40.65586541"
"233400795,09/11/2021,802,ALCOHOLIC BEVERAGE CONTROL LAW,346,ALCOHOLIC BEVERAGE CONTROL LAW,ABC0064B00,M,B,43,0,25-44,F,WHITE HISPANIC,1024014,242333,-73.85631045,40.83174225"
"234055731,09/25/2021,117,RECKLESS ENDANGERMENT 1,126,MISCELLANEOUS PENAL LAW,PL 1202500,F,Q,110,0,25-44,M,WHITE HISPANIC,1023897,210068,-73.85692367,40.74318409"
"232218061,08/13/2021,548,GAMBLING- DEVICE- POSSESSION,350,GAMBLING,PL 2253001,M,K,70,0,18-24,M,WHITE HISPANIC,995920,174037,-73.95794923,40.64436851"
"233057625,09/02/2021,847,NY STATE LAWS-UNCLASSIFIED FEL,125,NYS LAWS-UNCLASSIFIED FELONY,VTL05110FE,F,Q,113,97,45-64,M,WHITE HISPANIC,1046315,187088,-73.77623391,40.67998074"
"232783811,08/26/2021,105,STRANGULATION 1ST,106,FELONY ASSAULT,PL 1211200,F,K,73,0,25-44,M,BLACK,1010693,184317,-73.90467524,40.67255306"
"233747768,09/18/2021,511,CONTROLLED SUBSTANCE- POSSESSI,235,DANGEROUS DRUGS,PL 2200300,M,K,77,0,25-44,M,WHITE HISPANIC,1002590,183000,-73.93388988,40.66895868"
"232990706,09/01/2021,101,ASSAULT 3,344,ASSAULT 3 & RELATED OFFENSES,PL 1200001,M,M,1,0,25-44,M,ASIAN / PACIFIC ISLANDER,982351,201758,-74.0068522,40.72046384"
"233933761,09/22/2021,339,LARCENY-PETIT FROM OPEN AREAS-,341,PETIT LARCENY,PL 1552500,M,B,52,0,25-44,F,WHITE HISPANIC,1009385,257779,-73.90911578,40.87419066"
"233228978,09/07/2021,503,CONTROLLED SUBSTANCE-INTENT TO,117,DANGEROUS DRUGS,PL 2201601,F,M,6,0,25-44,M,BLACK,982755,206652,-74.00539584,40.73389676"
"233899655,09/22/2021,649,FALSE REPORT UNCLASSIFIED,361,OFF. AGNST PUB ORD SENSBLTY &,PL 240503A,M,B,46,0,25-44,F,WHITE,1011751,250275,-73.90059136,40.8535874"
"232821256,08/27/2021,922,TRAFFIC-UNCLASSIFIED MISDEMEAN,348,VEHICLE AND TRAFFIC LAWS,VTL05110MU,M,K,68,0,45-64,M,AMERICAN INDIAN/ALASKAN NATIVE,976170,165509,-74.02910707,40.62096496"
"232355594,08/17/2021,779,PUBLIC ADMINISTRATION-UNCLASSI,126,MISCELLANEOUS PENAL LAW,PL 215510B,F,Q,105,0,25-44,M,BLACK,1057399,193263,-73.73620512,40.69684497"
"234152409,09/28/2021,101,ASSAULT 3,344,ASSAULT 3 & RELATED OFFENSES,PL 1200001,M,M,5,0,25-44,M,BLACK HISPANIC,983907,199959,-74.00123875,40.71552621"
"233492509,09/13/2021,339,LARCENY-PETIT FROM OPEN AREAS-,341,PETIT LARCENY,PL 1552500,M,M,28,0,25-44,M,BLACK,998954,233791,-73.94688582,40.80837414"
"232746539,08/26/2021,244,BURGLARY-UNCLASSIFIED-UNKNOWN,107,BURGLARY,PL 1402000,F,M,5,0,45-64,M,WHITE HISPANIC,984984,200116,-73.99735368,40.71595712"
"234188805,09/28/2021,339,LARCENY-PETIT FROM OPEN AREAS-,341,PETIT LARCENY,PL 1552500,M,M,24,0,45-64,M,BLACK HISPANIC,989891,227435,-73.97962966,40.79093908"
"232419251,08/18/2021,705,FORGERY-ETC.-MISD.,358,OFFENSES INVOLVING FRAUD,PL 1702000,M,Q,112,0,25-44,M,BLACK,1025401,202586,-73.85154182,40.722641"
"232449002,08/19/2021,49,U.S. CODE UNCLASSIFIED,995,FOR OTHER AUTHORITIES,FOA9000049,,M,5,0,45-64,M,WHITE,983859,199257,-74.00141186,40.71359939"
"233886186,09/22/2021,209,BURGLARS TOOLS-UNCLASSIFIED,231,BURGLAR'S TOOLS,PL 1403500,M,Q,115,0,18-24,M,WHITE HISPANIC,1022046,213823,-73.86358243,40.75349872"
"234085130,09/26/2021,339,LARCENY-PETIT FROM OPEN AREAS-,341,PETIT LARCENY,PL 1552500,M,M,24,0,45-64,F,BLACK HISPANIC,993830,229200,-73.96540192,40.79578014"
"232238221,08/14/2021,101,ASSAULT 3,344,ASSAULT 3 & RELATED OFFENSES,PL 1200001,M,B,52,0,18-24,M,BLACK HISPANIC,1013999,254376,-73.89244714,40.86483612"
"232355576,08/17/2021,101,ASSAULT 3,344,ASSAULT 3 & RELATED OFFENSES,PL 1200001,M,B,46,0,25-44,F,WHITE HISPANIC,1009197,248050,-73.90983178,40.84748802"
"233450357,09/12/2021,782,WEAPONS- POSSESSION- ETC,236,DANGEROUS WEAPONS,PL 2650101,M,K,60,0,65+,M,WHITE,996618,151374,-73.95547553,40.5821623"
"232823527,08/28/2021,209,BURGLARS TOOLS-UNCLASSIFIED,231,BURGLAR'S TOOLS,PL 1403500,M,M,30,0,45-64,M,BLACK,998236,242023,-73.94946232,40.83096982"
"233367973,09/10/2021,462,UNAUTHORIZED USE VEHICLE 3,353,UNAUTHORIZED USE OF A VEHICLE,PL 1650501,M,K,90,0,25-44,M,WHITE,998274,197040,-73.94941886,40.70750315"
"234220643,09/29/2021,729,FORGERY-ETC.-UNCLASSIFIED-FELO,113,FORGERY,PL 1701004,F,Q,103,1,25-44,M,BLACK,1039726,195270,-73.79992225,40.70248213"
"233591272,09/15/2021,779,PUBLIC ADMINISTRATION-UNCLASSI,126,MISCELLANEOUS PENAL LAW,PL 215510B,F,K,75,2,25-44,M,BLACK HISPANIC,1016133,178623,-73.88509116,40.65690638"
"232733189,08/25/2021,109,ASSAULT 2-1-UNCLASSIFIED,106,FELONY ASSAULT,PL 1200512,F,K,73,0,18-24,M,BLACK,1007421,185808,-73.91646557,40.67665468"
"232526975,08/20/2021,503,CONTROLLED SUBSTANCE-INTENT TO,117,DANGEROUS DRUGS,PL 2201601,F,M,9,0,25-44,M,BLACK HISPANIC,990077,202241,-73.97897978,40.72178785"
"232700137,08/25/2021,409,LARCENY-GRAND BY EXTORTION,109,GRAND LARCENY,PL 1553006,F,Q,103,0,18-24,M,WHITE HISPANIC,1041879,197084,-73.79214177,40.70744736"
"232810656,08/27/2021,339,LARCENY-PETIT FROM OPEN AREAS-,341,PETIT LARCENY,PL 1552500,M,M,14,0,25-44,F,BLACK,987220,212676,-73.98928218,40.75043077"
"233436052,09/12/2021,109,ASSAULT 2-1-UNCLASSIFIED,106,FELONY ASSAULT,PL 1200501,F,B,44,0,25-44,M,WHITE HISPANIC,1004687,239413,-73.92615925,40.82379355"
"232564083,08/21/2021,113,MENACING-UNCLASSIFIED,344,ASSAULT 3 & RELATED OFFENSES,PL 1201401,M,M,7,0,45-64,F,WHITE HISPANIC,989183,201182,-73.98220578,40.71888169"
"233851039,09/21/2021,792,WEAPONS POSSESSION 1 & 2,118,DANGEROUS WEAPONS,PL 265031B,F,B,40,0,25-44,M,BLACK,1009846,234053,-73.9075394,40.80906841"
"232611656,08/23/2021,244,BURGLARY-UNCLASSIFIED-UNKNOWN,107,BURGLARY,PL 1402000,F,K,83,0,18-24,M,WHITE HISPANIC,1007128,193705,-73.91749507,40.69833089"
"233601146,09/15/2021,779,PUBLIC ADMINISTRATION-UNCLASSI,126,MISCELLANEOUS PENAL LAW,PL 215510B,F,K,79,0,25-44,M,BLACK,999507,190206,-73.94498708,40.68874337"
"232583890,08/22/2021,705,FORGERY-ETC.-MISD.,358,OFFENSES INVOLVING FRAUD,PL 1702000,M,M,30,0,18-24,M,BLACK,998350,241071,-73.94905237,40.82835667"
"233070826,09/02/2021,101,ASSAULT 3,344,ASSAULT 3 & RELATED OFFENSES,PL 1200001,M,K,61,0,25-44,F,WHITE,997937,156325,-73.95071699,40.59574987"
"233834649,09/21/2021,439,LARCENY-GRAND FROM OPEN AREAS- UNATTENDED,109,GRAND LARCENY,PL 1553501,F,S,121,0,25-44,F,WHITE,942825,166367,-74.14922697,40.62322682"
"232298133,08/16/2021,397,ROBBERY-OPEN AREA UNCLASSIFIED,105,ROBBERY,PL 1600500,F,K,75,0,25-44,M,ASIAN / PACIFIC ISLANDER,1017119,183909,-73.88151172,40.67141166"
"233894814,09/22/2021,105,STRANGULATION 1ST,106,FELONY ASSAULT,PL 1211200,F,M,19,0,18-24,M,BLACK,994297,218680,-73.96373102,40.76690501"
"234131801,09/27/2021,339,LARCENY-PETIT FROM OPEN AREAS-,341,PETIT LARCENY,PL 1552500,M,M,14,0,25-44,F,BLACK,987220,212676,-73.98928218,40.75043077"
"232611652,08/23/2021,779,PUBLIC ADMINISTRATION-UNCLASSI,126,MISCELLANEOUS PENAL LAW,PL 215510B,F,B,52,0,25-44,M,WHITE HISPANIC,1017440,256046,-73.87999831,40.86940749"
"233773240,09/19/2021,205,TRESPASS 2- CRIMINAL,352,CRIMINAL TRESPASS,PL 1401501,M,B,42,0,18-24,F,BLACK HISPANIC,1011898,242507,-73.90009201,40.83226606"
"233185253,09/06/2021,397,ROBBERY-OPEN AREA UNCLASSIFIED,105,ROBBERY,PL 1601501,F,B,41,0,45-64,F,BLACK,1011695,237703,-73.90084522,40.81908109"
"234158710,09/28/2021,109,ASSAULT 2-1-UNCLASSIFIED,106,FELONY ASSAULT,PL 1200502,F,Q,113,0,25-44,M,BLACK,1046405,187113,-73.77590919,40.68004873"
"232860960,08/29/2021,259,CRIMINAL MISCHIEF-UNCLASSIFIED 4,351,CRIMINAL MISCHIEF & RELATED OF,PL 1450001,M,M,20,0,25-44,M,WHITE,990306,225197,-73.97813296,40.7847961"
"233284889,09/08/2021,339,LARCENY-PETIT FROM OPEN AREAS-,341,PETIT LARCENY,PL 1552500,M,M,25,0,25-44,M,BLACK,1001643,232461,-73.93717573,40.80471877"
"233022548,09/01/2021,268,CRIMINAL MIS 2 & 3,121,CRIMINAL MISCHIEF & RELATED OF,PL 1451000,F,Q,113,0,25-44,M,AMERICAN INDIAN/ALASKAN NATIVE,1042544,186180,-73.78983757,40.67751413"
"234117017,09/27/2021,494,STOLEN PROPERTY 2-1-POSSESSION,111,POSSESSION OF STOLEN PROPERTY,PL 1655200,F,B,44,0,45-64,M,WHITE HISPANIC,1006537,244511,-73.91945797,40.83778162"
"232565683,08/22/2021,792,WEAPONS POSSESSION 1 & 2,118,DANGEROUS WEAPONS,PL 265031B,F,B,52,0,<18,M,BLACK,1013694,253644,-73.89355304,40.86282803"
"232927269,08/31/2021,109,ASSAULT 2-1-UNCLASSIFIED,106,FELONY ASSAULT,PL 1200501,F,K,67,0,18-24,F,BLACK,997157,175351,-73.95348925,40.64797344"
"232693371,08/25/2021,779,PUBLIC ADMINISTRATION-UNCLASSI,126,MISCELLANEOUS PENAL LAW,PL 215510D,F,S,121,0,25-44,M,BLACK,945688,171604,-74.13894351,40.63761419"
"234131813,09/27/2021,101,ASSAULT 3,344,ASSAULT 3 & RELATED OFFENSES,PL 1200001,M,M,9,0,18-24,M,BLACK,985280,203781,-73.99628535,40.72601663"
"233641806,09/16/2021,397,ROBBERY-OPEN AREA UNCLASSIFIED,105,ROBBERY,PL 1600500,F,K,83,0,45-64,M,BLACK HISPANIC,1007128,193705,-73.91749507,40.69833089"
"233775158,09/19/2021,339,LARCENY-PETIT FROM OPEN AREAS-,341,PETIT LARCENY,PL 1552500,M,S,121,0,25-44,M,WHITE,935629,167480,-74.17515712,40.62624519"
"233010278,09/01/2021,639,AGGRAVATED HARASSMENT 2,361,OFF. AGNST PUB ORD SENSBLTY &,PL 2403002,M,K,77,0,45-64,M,BLACK,1003508,185056,-73.93057482,40.67459999"
"233409194,09/11/2021,922,TRAFFIC-UNCLASSIFIED MISDEMEAN,348,VEHICLE AND TRAFFIC LAWS,VTL0511001,M,Q,110,0,45-64,M,WHITE HISPANIC,1021877,211009,-73.86420816,40.74577573"
"232428943,08/18/2021,922,TRAFFIC-UNCLASSIFIED MISDEMEAN,348,VEHICLE AND TRAFFIC LAWS,VTL05110MU,M,M,7,0,45-64,M,WHITE HISPANIC,989183,201182,-73.98220578,40.71888169"
"233928278,09/22/2021,109,ASSAULT 2-1-UNCLASSIFIED,106,FELONY ASSAULT,PL 1200512,F,B,45,0,18-24,M,WHITE HISPANIC,1032140,242004,-73.8269488,40.83079891"
"234168720,09/28/2021,101,ASSAULT 3,344,ASSAULT 3 & RELATED OFFENSES,PL 1200001,M,Q,101,0,25-44,F,BLACK,1043468,156096,-73.78677035,40.59493406"
"232860945,08/29/2021,114,OBSTR BREATH/CIRCUL,344,ASSAULT 3 & RELATED OFFENSES,PL 1211100,M,B,52,0,25-44,M,WHITE HISPANIC,1018384,256577,-73.87658245,40.87086132"
"233596320,09/15/2021,439,LARCENY-GRAND FROM OPEN AREAS- UNATTENDED,109,GRAND LARCENY,PL 1553001,F,S,121,0,25-44,M,WHITE HISPANIC,942825,166367,-74.14922697,40.62322682"
"232254961,08/14/2021,339,LARCENY-PETIT FROM OPEN AREAS-,341,PETIT LARCENY,PL 1552500,M,M,13,0,45-64,M,BLACK HISPANIC,988972,207813,-73.9829623,40.73708228"
"233281552,09/08/2021,258,CRIMINAL MISCHIEF 4TH- GRAFFIT,351,CRIMINAL MISCHIEF & RELATED OF,PL 1456002,M,B,49,0,25-44,F,WHITE HISPANIC,1028176,245655,-73.84124895,40.84084044"
"232783822,08/27/2021,105,STRANGULATION 1ST,106,FELONY ASSAULT,PL 1211200,F,Q,111,0,25-44,M,BLACK,1052212,206573,-73.75477646,40.73341895"
"233760731,09/19/2021,101,ASSAULT 3,344,ASSAULT 3 & RELATED OFFENSES,PL 1200001,M,Q,115,0,25-44,F,WHITE HISPANIC,1018207,219507,-73.87741,40.7691154"
"233722442,09/17/2021,792,WEAPONS POSSESSION 1 & 2,118,DANGEROUS WEAPONS,PL 265031B,F,Q,103,0,25-44,M,WHITE HISPANIC,1038464,192970,-73.80449227,40.69617701"
"234260405,09/29/2021,106,ASSAULT POLICE/PEACE OFFICER,106,FELONY ASSAULT,PL 12005A3,F,Q,114,0,25-44,M,BLACK,1007694,219657,-73.91536345,40.76956124"
"232405763,08/18/2021,117,RECKLESS ENDANGERMENT 1,126,MISCELLANEOUS PENAL LAW,PL 1202500,F,K,60,0,18-24,M,WHITE HISPANIC,991778,148367,-73.97290331,40.57391411"
"232970889,08/31/2021,109,ASSAULT 2-1-UNCLASSIFIED,106,FELONY ASSAULT,PL 1200501,F,B,46,0,45-64,M,WHITE HISPANIC,1009963,250949,-73.90705199,40.85544272"
"232263182,08/15/2021,759,PUBLIC ADMINISTATION-UNCLASS M,359,OFFENSES AGAINST PUBLIC ADMINI,PL 1950500,M,B,42,0,25-44,M,WHITE HISPANIC,1010859,241026,-73.90385243,40.82820434"
"233517897,09/14/2021,109,ASSAULT 2-1-UNCLASSIFIED,106,FELONY ASSAULT,PL 1200502,F,K,67,0,25-44,F,BLACK,998590,177084,-73.94832155,40.65272795"
"233911053,09/22/2021,101,ASSAULT 3,344,ASSAULT 3 & RELATED OFFENSES,PL 1200001,M,K,75,0,18-24,M,BLACK,1019617,178292,-73.87253614,40.65598463"
"232465879,08/19/2021,779,PUBLIC ADMINISTRATION-UNCLASSI,126,MISCELLANEOUS PENAL LAW,PL 215510B,F,K,60,0,25-44,M,BLACK,985690,147743,-73.99481808,40.57220443"
"232587932,08/22/2021,101,ASSAULT 3,344,ASSAULT 3 & RELATED OFFENSES,PL 1200001,M,Q,102,0,25-44,M,ASIAN / PACIFIC ISLANDER,1023108,188104,-73.85989778,40.68290172"
"232528653,08/20/2021,101,ASSAULT 3,344,ASSAULT 3 & RELATED OFFENSES,PL 1200001,M,S,122,0,25-44,M,BLACK HISPANIC,966472,156711,-74.06401787,40.5968021"
"233806607,09/20/2021,779,PUBLIC ADMINISTRATION-UNCLASSI,126,MISCELLANEOUS PENAL LAW,PL 215510B,F,M,30,0,25-44,M,BLACK,997543,237760,-73.95197495,40.81927017"
"233278268,09/08/2021,339,LARCENY-PETIT FROM OPEN AREAS-,341,PETIT LARCENY,PL 1552500,M,K,61,0,25-44,M,WHITE HISPANIC,995118,155709,-73.96086869,40.59406298"
"233677450,09/17/2021,511,CONTROLLED SUBSTANCE- POSSESSI,235,DANGEROUS DRUGS,PL 2200300,M,M,10,0,45-64,M,WHITE,985859,215221,-73.99419366,40.7574165"
"232426224,08/18/2021,101,ASSAULT 3,344,ASSAULT 3 & RELATED OFFENSES,PL 1200001,M,Q,108,0,45-64,M,WHITE HISPANIC,1013102,211221,-73.89587559,40.74639059"
"233013417,09/01/2021,109,ASSAULT 2-1-UNCLASSIFIED,106,FELONY ASSAULT,PL 1200501,F,M,23,2,18-24,F,BLACK,1001747,228590,-73.93681016,40.79409373"
"232778461,08/26/2021,779,PUBLIC ADMINISTRATION-UNCLASSI,126,MISCELLANEOUS PENAL LAW,PL 215510B,F,K,83,0,18-24,M,BLACK HISPANIC,1007128,193705,-73.91749507,40.69833089"
"233354740,09/10/2021,101,ASSAULT 3,344,ASSAULT 3 & RELATED OFFENSES,PL 1200001,M,K,70,0,25-44,M,ASIAN / PACIFIC ISLANDER,994629,161980,-73.96261981,40.61127619"
"233767635,09/19/2021,339,LARCENY-PETIT FROM OPEN AREAS-,341,PETIT LARCENY,PL 1552500,M,M,1,0,45-64,M,ASIAN / PACIFIC ISLANDER,982351,201758,-74.0068522,40.72046384"
"232496770,08/20/2021,779,PUBLIC ADMINISTRATION-UNCLASSI,126,MISCELLANEOUS PENAL LAW,PL 215510B,F,K,73,2,18-24,M,BLACK,1007628,183445,-73.91572749,40.67016824"
"233641835,09/16/2021,259,CRIMINAL MISCHIEF-UNCLASSIFIED 4,351,CRIMINAL MISCHIEF & RELATED OF,PL 1450001,M,Q,103,0,18-24,M,BLACK,1041879,197084,-73.79214177,40.70744736"
"232426222,08/18/2021,705,FORGERY-ETC.-MISD.,358,OFFENSES INVOLVING FRAUD,PL 1702000,M,Q,112,0,25-44,M,BLACK,1025401,202586,-73.85154182,40.722641"
"232376430,08/17/2021,705,FORGERY-ETC.-MISD.,358,OFFENSES INVOLVING FRAUD,PL 1700500,M,M,26,0,25-44,M,BLACK,996231,235804,-73.95671859,40.81390337"
"232697406,08/25/2021,792,WEAPONS POSSESSION 1 & 2,118,DANGEROUS WEAPONS,PL 265031B,F,K,88,0,<18,M,BLACK,990281,192762,-73.97825231,40.69577009"
"234038454,09/25/2021,792,WEAPONS POSSESSION 1 & 2,118,DANGEROUS WEAPONS,PL 265031B,F,B,40,0,25-44,M,BLACK,1006830,234000,-73.91843446,40.80893117"
"232913558,08/30/2021,115,RECKLESS ENDANGERMENT 2,355,OFFENSES AGAINST THE PERSON,PL 1202000,M,M,18,0,25-44,F,WHITE,988740,219078,-73.98379194,40.76800198"
"232539574,08/21/2021,175,SEXUAL ABUSE 3-2,233,SEX CRIMES,PL 13052A1,M,B,48,0,65+,M,WHITE HISPANIC,1011779,246746,-73.90050463,40.84390126"
"232676327,08/24/2021,439,LARCENY-GRAND FROM OPEN AREAS- UNATTENDED,109,GRAND LARCENY,PL 1553001,F,M,5,0,25-44,M,WHITE HISPANIC,984984,200116,-73.99735368,40.71595712"
"233930987,09/22/2021,244,BURGLARY-UNCLASSIFIED-UNKNOWN,107,BURGLARY,PL 1402000,F,K,77,0,25-44,M,BLACK,1003508,185056,-73.93057482,40.67459999"
"233722236,09/17/2021,729,FORGERY-ETC.-UNCLASSIFIED-FELO,113,FORGERY,PL 1702500,F,K,67,0,18-24,M,BLACK,1004583,177571,-73.92672194,40.65405292"
"234248854,09/29/2021,503,CONTROLLED SUBSTANCE-INTENT TO,117,DANGEROUS DRUGS,PL 2201601,F,B,52,0,25-44,M,BLACK,1013847,254492,-73.89299616,40.86515502"
"233747770,09/18/2021,101,ASSAULT 3,344,ASSAULT 3 & RELATED OFFENSES,PL 1200002,M,M,19,0,45-64,F,WHITE,999703,223643,-73.94420354,40.78051935"
"233039005,09/02/2021,439,LARCENY-GRAND FROM OPEN AREAS- UNATTENDED,109,GRAND LARCENY,PL 1553004,F,M,9,0,25-44,M,WHITE HISPANIC,987633,203880,-73.987796,40.72628778"
"234199236,09/28/2021,101,ASSAULT 3,344,ASSAULT 3 & RELATED OFFENSES,PL 1200001,M,M,9,0,18-24,F,BLACK,988085,203923,-73.98616522,40.72640562"
"233069682,09/02/2021,203,TRESPASS 3- CRIMINAL,352,CRIMINAL TRESPASS,PL 140100A,M,K,70,0,25-44,M,BLACK,996606,165508,-73.95549288,40.62095728"
"233575370,09/15/2021,439,LARCENY-GRAND FROM OPEN AREAS- UNATTENDED,109,GRAND LARCENY,PL 1553001,F,S,122,0,18-24,F,WHITE,954801,148466,-74.10600776,40.57414013"
"233069475,09/02/2021,109,ASSAULT 2-1-UNCLASSIFIED,106,FELONY ASSAULT,PL 1200502,F,B,45,0,65+,F,BLACK,1030625,259260,-73.83230393,40.8781695"
"233483652,09/13/2021,101,ASSAULT 3,344,ASSAULT 3 & RELATED OFFENSES,PL 1200001,M,Q,101,0,25-44,M,BLACK,1054476,156808,-73.74712575,40.59680796"
"232367503,08/17/2021,922,TRAFFIC-UNCLASSIFIED MISDEMEAN,348,VEHICLE AND TRAFFIC LAWS,VTL0512000,M,Q,106,0,65+,M,WHITE HISPANIC,1028889,181666,-73.83909689,40.66520362"
"232609029,08/23/2021,397,ROBBERY-OPEN AREA UNCLASSIFIED,105,ROBBERY,PL 160102A,F,M,7,0,25-44,M,BLACK,988832,200278,-73.98347261,40.71640061"
"233119431,09/04/2021,339,LARCENY-PETIT FROM OPEN AREAS-,341,PETIT LARCENY,PL 1552500,M,B,52,0,45-64,M,BLACK,1009385,257779,-73.90911578,40.87419066"
"232254950,08/14/2021,113,MENACING-UNCLASSIFIED,344,ASSAULT 3 & RELATED OFFENSES,PL 1201401,M,K,83,0,25-44,M,WHITE HISPANIC,1008933,190685,-73.91099666,40.69003685"
"232287892,08/16/2021,922,TRAFFIC-UNCLASSIFIED MISDEMEAN,348,VEHICLE AND TRAFFIC LAWS,VTL0511001,M,M,5,0,18-24,M,BLACK,985803,201394,-73.99439899,40.71946482"
"234285924,09/30/2021,513,POSS METH MANUFACT MATERIAL,235,DANGEROUS DRUGS,PL 2207701,F,M,5,0,18-24,M,BLACK HISPANIC,983903,200257,-74.00125319,40.71634415"
"233806584,09/20/2021,101,ASSAULT 3,344,ASSAULT 3 & RELATED OFFENSES,PL 1200001,M,M,32,2,25-44,M,WHITE HISPANIC,1001559,237614,-73.93746586,40.81886248"
"233423761,09/11/2021,511,CONTROLLED SUBSTANCE- POSSESSI,235,DANGEROUS DRUGS,PL 2200300,M,B,40,0,65+,M,WHITE HISPANIC,1009431,232962,-73.90904262,40.80607511"
"233311099,09/09/2021,101,ASSAULT 3,344,ASSAULT 3 & RELATED OFFENSES,PL 1200001,M,Q,113,0,25-44,M,BLACK,1043509,188989,-73.78633383,40.68521777"
"234155221,09/28/2021,101,ASSAULT 3,344,ASSAULT 3 & RELATED OFFENSES,PL 1200001,M,M,19,0,18-24,M,BLACK,994297,218680,-73.96373102,40.76690501"
"233086957,09/03/2021,101,ASSAULT 3,344,ASSAULT 3 & RELATED OFFENSES,PL 1200001,M,M,23,0,25-44,F,WHITE HISPANIC,998577,226404,-73.94826343,40.78809945"
"233878895,09/21/2021,397,ROBBERY-OPEN AREA UNCLASSIFIED,105,ROBBERY,PL 1601002,F,B,41,0,18-24,M,BLACK,1013080,240805,-73.89582802,40.82759079"
"232251670,08/14/2021,705,FORGERY-ETC.-MISD.,358,OFFENSES INVOLVING FRAUD,PL 1702000,M,M,23,0,25-44,M,BLACK HISPANIC,999041,225257,-73.94659035,40.78495048"
"234334857,09/30/2021,339,LARCENY-PETIT FROM OPEN AREAS-,341,PETIT LARCENY,PL 1552500,M,B,43,0,25-44,M,WHITE HISPANIC,1020183,239283,-73.87017045,40.82338729"
"233113947,09/03/2021,792,WEAPONS POSSESSION 1 & 2,118,DANGEROUS WEAPONS,PL 265031B,F,K,77,0,<18,F,BLACK,994894,185274,-73.96162863,40.6752129"
"233671103,09/16/2021,339,LARCENY-PETIT FROM OPEN AREAS-,341,PETIT LARCENY,PL 1552500,M,M,14,0,45-64,M,BLACK,987220,212676,-73.98928218,40.75043077"
"232145565,08/12/2021,101,ASSAULT 3,344,ASSAULT 3 & RELATED OFFENSES,PL 1200001,M,B,40,0,25-44,M,WHITE HISPANIC,1005041,234533,-73.92489531,40.81039849"
"233104751,09/03/2021,339,LARCENY-PETIT FROM OPEN AREAS-,341,PETIT LARCENY,PL 1552500,M,K,66,0,25-44,M,WHITE HISPANIC,988601,173493,-73.9843232,40.64288197"
"233722246,09/17/2021,269,MISCHIEF-CRIMINAL-    UNCL 2ND,121,CRIMINAL MISCHIEF & RELATED OF,PL 1450501,F,Q,104,0,45-64,M,WHITE,1024013,195335,-73.8565921,40.7027451"
"232614127,08/23/2021,113,MENACING-UNCLASSIFIED,344,ASSAULT 3 & RELATED OFFENSES,PL 1201401,M,K,62,0,25-44,F,BLACK,986637,156473,-73.99140622,40.59616635"
"233120623,09/04/2021,397,ROBBERY-OPEN AREA UNCLASSIFIED,105,ROBBERY,PL 1600500,F,B,40,0,18-24,M,BLACK,1005041,234533,-73.92489531,40.81039849"
"234019402,09/24/2021,339,LARCENY-PETIT FROM OPEN AREAS-,341,PETIT LARCENY,PL 1552500,M,Q,110,0,45-64,M,BLACK,1022218,212235,-73.86297059,40.74913933"
"233078428,09/03/2021,779,PUBLIC ADMINISTRATION-UNCLASSI,126,MISCELLANEOUS PENAL LAW,PL 215510D,F,S,123,0,25-44,M,WHITE,926604,130910,-74.20735744,40.52581387"
"232940388,08/31/2021,113,MENACING-UNCLASSIFIED,344,ASSAULT 3 & RELATED OFFENSES,PL 1201500,M,M,14,0,25-44,M,BLACK,986320,212857,-73.99253038,40.75092782"
"234117040,09/27/2021,475,UNAUTH. SALE OF TRANS. SERVICE,343,THEFT OF SERVICES,PL 1651601,M,B,44,0,25-44,M,BLACK,1008110,244858,-73.91377204,40.83872992"
"234192419,09/28/2021,101,ASSAULT 3,344,ASSAULT 3 & RELATED OFFENSES,PL 1200001,M,B,42,0,45-64,M,BLACK HISPANIC,1016161,243995,-73.88468007,40.83633582"
"233343057,09/09/2021,494,STOLEN PROPERTY 2-1-POSSESSION,111,POSSESSION OF STOLEN PROPERTY,PL 1654502,F,K,75,0,25-44,M,WHITE HISPANIC,1011251,186205,-73.90265611,40.67773351"
"233291301,09/08/2021,779,PUBLIC ADMINISTRATION-UNCLASSI,126,MISCELLANEOUS PENAL LAW,PL 215510B,F,K,70,0,25-44,M,BLACK,995368,172888,-73.95994022,40.64121546"
"233190021,09/06/2021,339,LARCENY-PETIT FROM OPEN AREAS-,341,PETIT LARCENY,PL 1552500,M,K,62,0,25-44,M,WHITE HISPANIC,983289,158770,-74.00346218,40.60247142"
"234176688,09/28/2021,639,AGGRAVATED HARASSMENT 2,361,OFF. AGNST PUB ORD SENSBLTY &,PL 24030M1,M,K,68,0,45-64,F,WHITE,978016,171958,-74.0224634,40.63866759"
"234076781,09/26/2021,441,LARCENY-GRAND OF AUTO,110,GRAND LARCENY OF MOTOR VEHICLE,PL 1553008,F,Q,105,0,<18,M,BLACK,1046681,181205,-73.77496883,40.6638307"
"234074433,09/26/2021,419,LARCENY-GRAND FROM PERSON-UNCL,109,GRAND LARCENY,PL 1553005,F,M,13,0,25-44,M,BLACK,986244,209939,-73.99280555,40.74291866"
"233543387,09/14/2021,748,CONTEMPT-CRIMINAL,359,OFFENSES AGAINST PUBLIC ADMINI,PL 2155003,M,S,123,0,25-44,M,WHITE,929050,129925,-74.19855103,40.52312579"
"233839533,09/21/2021,244,BURGLARY-UNCLASSIFIED-UNKNOWN,107,BURGLARY,PL 1402501,F,Q,101,0,25-44,M,BLACK,1053648,159131,-73.7500834,40.60319062"
"234010275,09/24/2021,339,LARCENY-PETIT FROM OPEN AREAS-,341,PETIT LARCENY,PL 1552500,M,M,14,0,25-44,M,WHITE,985802,213781,-73.99439974,40.75346408"
"233930994,09/22/2021,114,OBSTR BREATH/CIRCUL,344,ASSAULT 3 & RELATED OFFENSES,PL 1211100,M,M,33,0,45-64,M,BLACK,999242,242681,-73.94582561,40.83277419"
"232667815,08/24/2021,969,TRAFFIC-UNCLASSIFIED INFRACTIO,881,OTHER TRAFFIC INFRACTION,VTL051101A,M,M,26,0,45-64,M,WHITE,994380,235426,-73.96340613,40.81286819"
"233837066,09/21/2021,101,ASSAULT 3,344,ASSAULT 3 & RELATED OFFENSES,PL 1200001,M,B,48,0,25-44,M,BLACK,1013374,248085,-73.89473408,40.8475713"
"233020259,09/01/2021,748,CONTEMPT-CRIMINAL,359,OFFENSES AGAINST PUBLIC ADMINI,PL 2155003,M,M,24,0,25-44,M,BLACK,992793,229614,-73.96914667,40.79691752"
"232138807,08/12/2021,515,CONTROLLED SUBSTANCE-SALE 3,117,DANGEROUS DRUGS,PL 2203901,F,Q,105,0,25-44,M,BLACK,1057767,203993,-73.73476085,40.72629309"
"233390989,09/10/2021,117,RECKLESS ENDANGERMENT 1,126,MISCELLANEOUS PENAL LAW,PL 1202500,F,M,33,0,18-24,M,WHITE HISPANIC,1002590,246866,-73.93371568,40.84425449"
"232616295,08/23/2021,439,LARCENY-GRAND FROM OPEN AREAS- UNATTENDED,109,GRAND LARCENY,PL 1553501,F,M,9,0,18-24,M,WHITE HISPANIC,985280,203781,-73.99628535,40.72601663"
"232795926,08/27/2021,779,PUBLIC ADMINISTRATION-UNCLASSI,126,MISCELLANEOUS PENAL LAW,PL 215510B,F,Q,111,0,25-44,F,BLACK,1048681,216305,-73.76742395,40.76015719"
"233971779,09/23/2021,397,ROBBERY-OPEN AREA UNCLASSIFIED,105,ROBBERY,PL 1600500,F,Q,115,0,25-44,M,BLACK HISPANIC,1018714,214946,-73.87560302,40.75659468"
"233392348,09/10/2021,177,SEXUAL ABUSE,116,SEX CRIMES,PL 1306504,F,M,5,0,25-44,M,WHITE,984946,200203,-73.99749075,40.71619591"
"232902388,08/30/2021,729,FORGERY-ETC.-UNCLASSIFIED-FELO,113,FORGERY,PL 1703000,F,Q,101,0,18-24,M,BLACK,1044821,156440,-73.78189543,40.59586912"
"234223931,09/29/2021,244,BURGLARY-UNCLASSIFIED-UNKNOWN,107,BURGLARY,PL 1402000,F,M,33,3,25-44,F,WHITE HISPANIC,1001618,248524,-73.93722445,40.84880717"
"233919472,09/22/2021,779,PUBLIC ADMINISTRATION-UNCLASSI,126,MISCELLANEOUS PENAL LAW,PL 215510B,F,K,61,0,45-64,F,WHITE,998038,155622,-73.95035474,40.59382012"
"233750739,09/18/2021,681,CHILD- ENDANGERING WELFARE,233,SEX CRIMES,PL 2601002,M,B,44,0,18-24,F,BLACK HISPANIC,1006434,244344,-73.91983076,40.83732351"
"233842264,09/21/2021,339,LARCENY-PETIT FROM OPEN AREAS-,341,PETIT LARCENY,PL 1552500,M,B,52,0,25-44,F,BLACK HISPANIC,1009385,257779,-73.90911578,40.87419066"
"232773681,08/26/2021,922,TRAFFIC-UNCLASSIFIED MISDEMEAN,348,VEHICLE AND TRAFFIC LAWS,VTL0511001,M,K,68,0,25-44,M,WHITE HISPANIC,977947,172030,-74.02271209,40.63886517"
"232426220,08/18/2021,503,CONTROLLED SUBSTANCE-INTENT TO,117,DANGEROUS DRUGS,PL 2201601,F,M,9,0,25-44,M,BLACK,991225,201976,-73.97483849,40.72105965"
"233350793,09/09/2021,729,FORGERY-ETC.-UNCLASSIFIED-FELO,113,FORGERY,PL 1702500,F,Q,107,0,25-44,M,BLACK HISPANIC,1046381,201604,-73.77586204,40.71982318"
"232813183,08/27/2021,503,CONTROLLED SUBSTANCE-INTENT TO,117,DANGEROUS DRUGS,PL 2201601,F,K,75,0,45-64,F,WHITE HISPANIC,1018808,184706,-73.87541896,40.67359282"
"233284884,09/08/2021,478,THEFT OF SERVICES- UNCLASSIFIE,343,OTHER OFFENSES RELATED TO THEF,PL 1651503,M,K,73,1,25-44,M,BLACK,1007685,189129,-73.91550225,40.68576938"
"234065981,09/26/2021,339,LARCENY-PETIT FROM OPEN AREAS-,341,PETIT LARCENY,PL 1552500,M,M,7,0,25-44,M,BLACK,988832,200278,-73.98347261,40.71640061"
"233299995,09/08/2021,101,ASSAULT 3,344,ASSAULT 3 & RELATED OFFENSES,PL 1200001,M,Q,113,0,18-24,M,BLACK,1046101,187470,-73.77700195,40.68103074"
"232579147,08/22/2021,511,CONTROLLED SUBSTANCE- POSSESSI,235,DANGEROUS DRUGS,PL 2200300,M,S,122,0,25-44,M,WHITE,943360,144176,-74.14716544,40.56231954"
"234279763,09/30/2021,439,LARCENY-GRAND FROM OPEN AREAS- UNATTENDED,109,GRAND LARCENY,PL 1553501,F,B,44,0,25-44,M,BLACK HISPANIC,1006537,244511,-73.91945797,40.83778162"
"234081521,09/26/2021,301,LARCENY-PETIT BY ACQUIRING LOS,341,PETIT LARCENY,PL 155250Z,M,K,63,0,45-64,F,BLACK,1006189,161784,-73.92098528,40.61071713"
"233424182,09/11/2021,106,ASSAULT POLICE/PEACE OFFICER,106,FELONY ASSAULT,PL 1200800,F,K,94,0,18-24,M,BLACK HISPANIC,997245,204130,-73.95311663,40.72696507"
"234021951,09/24/2021,792,WEAPONS POSSESSION 1 & 2,118,DANGEROUS WEAPONS,PL 2650303,F,Q,112,0,25-44,M,BLACK,1025519,202533,-73.85111644,40.72249497"
"234117008,09/27/2021,101,ASSAULT 3,344,ASSAULT 3 & RELATED OFFENSES,PL 1200001,M,B,48,0,25-44,M,BLACK,1014256,250228,-73.89153655,40.85345024"
"233828974,09/21/2021,268,CRIMINAL MIS 2 & 3,121,CRIMINAL MISCHIEF & RELATED OF,PL 1450502,F,K,68,0,45-64,M,WHITE,974885,163550,-74.03373316,40.61558664"
"233097110,09/03/2021,339,LARCENY-PETIT FROM OPEN AREAS-,341,PETIT LARCENY,PL 1552500,M,M,18,0,25-44,M,WHITE HISPANIC,988605,216569,-73.98428094,40.76111549"
"233765002,09/19/2021,969,TRAFFIC-UNCLASSIFIED INFRACTIO,881,OTHER TRAFFIC INFRACTION,VTL051101A,M,M,18,0,25-44,M,BLACK,988163,217114,-73.98587613,40.76261158"
"232400743,08/18/2021,639,AGGRAVATED HARASSMENT 2,361,OFF. AGNST PUB ORD SENSBLTY &,PL 2403002,M,B,52,0,25-44,F,WHITE HISPANIC,1017440,256046,-73.87999831,40.86940749"
"232559343,08/21/2021,339,LARCENY-PETIT FROM OPEN AREAS-,341,PETIT LARCENY,PL 1552500,M,M,30,0,45-64,M,BLACK HISPANIC,997868,240264,-73.95079567,40.82614245"
"232667816,08/24/2021,922,TRAFFIC-UNCLASSIFIED MISDEMEAN,348,VEHICLE AND TRAFFIC LAWS,VTL05110MU,M,M,9,0,18-24,M,BLACK,991599,203109,-73.97348801,40.72416916"
"234093159,09/26/2021,199,AGGRAVATED CRIMINAL CONTEMPT,126,MISCELLANEOUS PENAL LAW,PL 2155203,F,K,90,0,45-64,M,BLACK,998016,196598,-73.95035033,40.70629037"
"234150146,09/28/2021,940,LEAVING THE SCENE / PROPERTY DAMAGE / INJURED ANIMAL,881,OTHER TRAFFIC INFRACTION,VTL060001A,I,M,14,0,45-64,M,ASIAN / PACIFIC ISLANDER,985802,213781,-73.99439974,40.75346408"
"232394378,08/18/2021,922,TRAFFIC-UNCLASSIFIED MISDEMEAN,348,VEHICLE AND TRAFFIC LAWS,VTL0512000,M,Q,111,0,45-64,M,WHITE HISPANIC,1051571,217082,-73.75698415,40.76226831"
"233536277,09/14/2021,101,ASSAULT 3,344,ASSAULT 3 & RELATED OFFENSES,PL 1200001,M,K,70,0,25-44,M,WHITE HISPANIC,991591,169049,-73.97355397,40.63068216"
"233022539,09/01/2021,109,ASSAULT 2-1-UNCLASSIFIED,106,FELONY ASSAULT,PL 1200501,F,K,73,0,65+,M,BLACK,1009055,178206,-73.91060266,40.65578446"
"233858226,09/21/2021,49,U.S. CODE UNCLASSIFIED,995,FOR OTHER AUTHORITIES,FOA9000049,,Q,103,0,45-64,M,BLACK,1041879,197084,-73.79214177,40.70744736"
"234096484,09/27/2021,101,ASSAULT 3,344,ASSAULT 3 & RELATED OFFENSES,PL 1200001,M,Q,104,0,25-44,M,WHITE,1019333,197126,-73.87346164,40.70768076"
"233791418,09/20/2021,259,CRIMINAL MISCHIEF-UNCLASSIFIED 4,351,CRIMINAL MISCHIEF & RELATED OF,PL 1450001,M,K,83,0,25-44,M,BLACK,1009696,188443,-73.90825381,40.68388091"
"233527526,09/14/2021,503,CONTROLLED SUBSTANCE-INTENT TO,117,DANGEROUS DRUGS,PL 2201601,F,M,1,0,18-24,M,BLACK,982445,202127,-74.00651319,40.72147668"
"232546339,08/21/2021,339,LARCENY-PETIT FROM OPEN AREAS-,341,PETIT LARCENY,PL 1552500,M,K,72,0,25-44,M,WHITE HISPANIC,979369,173082,-74.01758917,40.64175358"
"233078419,09/03/2021,101,ASSAULT 3,344,ASSAULT 3 & RELATED OFFENSES,PL 1200001,M,B,40,0,25-44,M,BLACK,1007855,237592,-73.91471917,40.81878752"
"232734117,08/26/2021,105,STRANGULATION 1ST,106,FELONY ASSAULT,PL 1211200,F,B,43,0,25-44,M,BLACK HISPANIC,1024790,241338,-73.85351232,40.82900773"
"233313874,09/09/2021,511,CONTROLLED SUBSTANCE- POSSESSI,235,DANGEROUS DRUGS,PL 2200300,M,B,46,0,25-44,F,WHITE HISPANIC,1009453,250626,-73.9088968,40.85455765"
"232202237,08/13/2021,101,ASSAULT 3,344,ASSAULT 3 & RELATED OFFENSES,PL 1200001,M,M,14,0,25-44,F,ASIAN / PACIFIC ISLANDER,988465,212894,-73.98478861,40.75102862"
"233515612,09/14/2021,105,STRANGULATION 1ST,106,FELONY ASSAULT,PL 1211300,F,B,42,0,45-64,M,BLACK,1011256,241481,-73.90241608,40.82945198"
"232548197,08/21/2021,439,LARCENY-GRAND FROM OPEN AREAS- UNATTENDED,109,GRAND LARCENY,PL 1553001,F,B,42,2,18-24,M,BLACK,1010467,243220,-73.90526031,40.83422741"
"233720111,09/17/2021,112,MENACING 1ST DEGREE (VICT NOT,126,MISCELLANEOUS PENAL LAW,PL 1201300,F,K,73,2,18-24,F,BLACK,1009588,187367,-73.90864726,40.68092785"
"233215332,09/07/2021,639,AGGRAVATED HARASSMENT 2,361,OFF. AGNST PUB ORD SENSBLTY &,PL 2403002,M,B,40,0,25-44,M,BLACK HISPANIC,1005041,234533,-73.92489531,40.81039849"
"232650223,08/24/2021,681,CHILD- ENDANGERING WELFARE,233,SEX CRIMES,PL 2601001,M,B,44,0,25-44,M,BLACK HISPANIC,1006434,244344,-73.91983076,40.83732351"
"233604843,09/15/2021,705,FORGERY-ETC.-MISD.,358,OFFENSES INVOLVING FRAUD,PL 1700500,M,B,44,0,18-24,M,BLACK,1008405,242465,-73.91271454,40.83216103"
"233729229,09/18/2021,793,WEAPONS POSSESSION 3,118,DANGEROUS WEAPONS,PL 2650201,F,K,68,0,25-44,F,WHITE HISPANIC,982301,169571,-74.00702327,40.63211777"
"234172464,09/28/2021,705,FORGERY-ETC.-MISD.,358,OFFENSES INVOLVING FRAUD,PL 1702000,M,K,83,0,18-24,M,WHITE HISPANIC,1008080,193894,-73.91406115,40.69884714"
"233711364,09/17/2021,511,CONTROLLED SUBSTANCE- POSSESSI,235,DANGEROUS DRUGS,PL 2200300,M,M,25,0,25-44,M,WHITE HISPANIC,1001575,232339,-73.93742167,40.80438405"
"234043628,09/25/2021,339,LARCENY-PETIT FROM OPEN AREAS-,341,PETIT LARCENY,PL 1552500,M,B,52,0,18-24,M,WHITE HISPANIC,1015140,255733,-73.88831572,40.86855675"
"232995699,09/01/2021,209,BURGLARS TOOLS-UNCLASSIFIED,231,BURGLAR'S TOOLS,PL 1403500,M,M,1,0,25-44,M,WHITE HISPANIC,981078,199628,-74.01144362,40.71461714"
"232856581,08/28/2021,117,RECKLESS ENDANGERMENT 1,126,MISCELLANEOUS PENAL LAW,PL 1202500,F,B,40,0,25-44,M,WHITE HISPANIC,1009935,232226,-73.90722489,40.80405355"
"233512688,09/14/2021,779,PUBLIC ADMINISTRATION-UNCLASSI,126,MISCELLANEOUS PENAL LAW,PL 215510B,F,M,25,0,18-24,M,WHITE HISPANIC,1000598,231062,-73.94095381,40.80088089"
"232800322,08/27/2021,639,AGGRAVATED HARASSMENT 2,361,OFF. AGNST PUB ORD SENSBLTY &,PL 2403002,M,K,67,0,25-44,F,BLACK,1008026,176910,-73.91431581,40.65223005"
"232946549,08/31/2021,101,ASSAULT 3,344,ASSAULT 3 & RELATED OFFENSES,PL 1200001,M,M,17,0,25-44,M,BLACK HISPANIC,991108,212925,-73.97524942,40.75111205"
"233614660,09/15/2021,175,SEXUAL ABUSE 3-2,233,SEX CRIMES,PL 13052A1,M,Q,106,0,25-44,M,ASIAN / PACIFIC ISLANDER,1028713,187853,-73.83969048,40.6821864"
"233210560,09/07/2021,397,ROBBERY-OPEN AREA UNCLASSIFIED,105,ROBBERY,PL 1601002,F,K,81,0,18-24,M,BLACK,1005312,190540,-73.92405412,40.68964821"
"232712281,08/25/2021,922,TRAFFIC-UNCLASSIFIED MISDEMEAN,348,VEHICLE AND TRAFFIC LAWS,VTL0511001,M,Q,113,0,25-44,M,WHITE HISPANIC,1046405,187113,-73.77590919,40.68004873"
"234136992,09/27/2021,109,ASSAULT 2-1-UNCLASSIFIED,106,FELONY ASSAULT,PL 1200501,F,Q,114,2,25-44,M,WHITE HISPANIC,999484,214810,-73.94501433,40.75627543"
"233813608,09/20/2021,439,LARCENY-GRAND FROM OPEN AREAS- UNATTENDED,109,GRAND LARCENY,PL 1553001,F,B,42,0,25-44,M,BLACK,1011959,241321,-73.89987648,40.82901064"
"232876668,08/29/2021,705,FORGERY-ETC.-MISD.,358,OFFENSES INVOLVING FRAUD,PL 1702000,M,M,7,0,45-64,M,WHITE HISPANIC,989956,201106,-73.97941726,40.71867262"
"233899670,09/22/2021,339,LARCENY-PETIT FROM OPEN AREAS-,341,PETIT LARCENY,PL 1552500,M,Q,114,0,25-44,M,WHITE HISPANIC,1007977,217884,-73.91434801,40.76469406"
"232180072,08/12/2021,511,CONTROLLED SUBSTANCE- POSSESSI,235,DANGEROUS DRUGS,PL 2200300,M,B,44,0,65+,M,BLACK,1003791,242739,-73.92938696,40.83292449"
"233174875,09/06/2021,802,ALCOHOLIC BEVERAGE CONTROL LAW,346,ALCOHOLIC BEVERAGE CONTROL LAW,ABC0064B00,M,K,67,0,25-44,M,BLACK,998911,176430,-73.94716612,40.65093233"
"232546346,08/21/2021,268,CRIMINAL MIS 2 & 3,121,CRIMINAL MISCHIEF & RELATED OF,PL 1450502,F,Q,108,0,25-44,M,WHITE,996967,209876,-73.95410877,40.74273683"
"232867689,08/29/2021,109,ASSAULT 2-1-UNCLASSIFIED,106,FELONY ASSAULT,PL 1200502,F,B,43,0,25-44,F,ASIAN / PACIFIC ISLANDER,1020183,239283,-73.87017045,40.82338729"
"233806628,09/20/2021,779,PUBLIC ADMINISTRATION-UNCLASSI,126,MISCELLANEOUS PENAL LAW,PL 215510D,F,Q,107,0,25-44,M,BLACK,1036628,204948,-73.81102013,40.72906475"
"233459049,09/13/2021,105,STRANGULATION 1ST,106,FELONY ASSAULT,PL 1211200,F,B,44,0,25-44,M,BLACK,1007174,239543,-73.91717288,40.82414426"
"233527533,09/14/2021,419,LARCENY-GRAND FROM PERSON-UNCL,109,GRAND LARCENY,PL 1553005,F,M,33,0,25-44,M,BLACK HISPANIC,1001765,247637,-73.93669544,40.84637233"
"233361497,09/10/2021,244,BURGLARY-UNCLASSIFIED-UNKNOWN,107,BURGLARY,PL 1402000,F,M,6,0,45-64,M,BLACK,983047,205572,-74.00434202,40.73093247"
"233644469,09/16/2021,339,LARCENY-PETIT FROM OPEN AREAS-,341,PETIT LARCENY,PL 1552500,M,M,33,3,25-44,M,WHITE HISPANIC,1001618,248524,-73.93722445,40.84880717"
"233990681,09/23/2021,439,LARCENY-GRAND FROM OPEN AREAS- UNATTENDED,109,GRAND LARCENY,PL 1553001,F,B,52,0,18-24,F,WHITE HISPANIC,1009385,257779,-73.90911578,40.87419066"
"232647204,08/24/2021,101,ASSAULT 3,344,ASSAULT 3 & RELATED OFFENSES,PL 1200001,M,B,52,0,18-24,M,BLACK HISPANIC,1017440,256046,-73.87999831,40.86940749"
"233165584,09/05/2021,439,LARCENY-GRAND FROM OPEN AREAS- UNATTENDED,109,GRAND LARCENY,PL 1553001,F,K,63,0,25-44,M,BLACK,1006189,161784,-73.92098528,40.61071713"
"233564825,09/15/2021,705,FORGERY-ETC.-MISD.,358,OFFENSES INVOLVING FRAUD,PL 1702000,M,M,32,0,25-44,M,BLACK,1001112,238628,-73.93907828,40.82164649"
"232373863,08/17/2021,511,CONTROLLED SUBSTANCE- POSSESSI,235,DANGEROUS DRUGS,PL 2200300,M,K,83,0,25-44,M,WHITE HISPANIC,1008282,194600,-73.91333014,40.7007844"
"232145588,08/12/2021,139,MURDER-UNCLASSIFIED,101,MURDER & NON-NEGL. MANSLAUGHTE,PL 1252501,F,Q,102,0,25-44,M,BLACK,1032428,198872,-73.8262173,40.7124115"
"232575600,08/22/2021,339,LARCENY-PETIT FROM OPEN AREAS-,341,PETIT LARCENY,PL 1552500,M,B,49,0,65+,M,WHITE HISPANIC,1030251,254038,-73.83369221,40.86383869"
"233243882,09/07/2021,244,BURGLARY-UNCLASSIFIED-UNKNOWN,107,BURGLARY,PL 1402000,F,Q,100,0,25-44,M,WHITE HISPANIC,1040845,155714,-73.79621837,40.59390268"
"232382974,08/18/2021,101,ASSAULT 3,344,ASSAULT 3 & RELATED OFFENSES,PL 1200001,M,M,10,0,65+,M,WHITE,983622,210776,-74.00226784,40.74521622"
"233878894,09/22/2021,109,ASSAULT 2-1-UNCLASSIFIED,106,FELONY ASSAULT,PL 1200502,F,B,43,0,45-64,M,BLACK,1023548,238402,-73.85801741,40.82095487"
"234117032,09/27/2021,729,FORGERY-ETC.-UNCLASSIFIED-FELO,113,FORGERY,PL 1702500,F,B,44,0,25-44,F,WHITE HISPANIC,1006537,244511,-73.91945797,40.83778162"
"233971762,09/23/2021,339,LARCENY-PETIT FROM OPEN AREAS-,341,PETIT LARCENY,PL 1552500,M,B,46,0,45-64,M,BLACK,1009736,250146,-73.90787563,40.85323938"
"234117151,09/27/2021,105,STRANGULATION 1ST,106,FELONY ASSAULT,PL 1211200,F,S,122,0,25-44,M,WHITE,953968,144673,-74.10898929,40.56372628"
"232523504,08/20/2021,114,OBSTR BREATH/CIRCUL,344,ASSAULT 3 & RELATED OFFENSES,PL 1211100,M,B,43,0,25-44,F,WHITE HISPANIC,1023345,245125,-73.85871167,40.83940846"
"232245225,08/14/2021,397,ROBBERY-OPEN AREA UNCLASSIFIED,105,ROBBERY,PL 1600500,F,M,17,0,25-44,M,WHITE,993176,216136,-73.96778129,40.75992358"
"232283281,08/15/2021,779,PUBLIC ADMINISTRATION-UNCLASSI,126,MISCELLANEOUS PENAL LAW,PL 215510B,F,S,120,0,25-44,M,BLACK,961418,164057,-74.08224154,40.61695378"
"233259555,09/08/2021,397,ROBBERY-OPEN AREA UNCLASSIFIED,105,ROBBERY,PL 1600500,F,Q,114,0,25-44,M,BLACK,1007694,219657,-73.91536345,40.76956124"
"234117127,09/26/2021,49,U.S. CODE UNCLASSIFIED,995,FOR OTHER AUTHORITIES,FOA9000049,,Q,113,0,25-44,F,WHITE HISPANIC,1046315,187088,-73.77623391,40.67998074"
"233140242,09/04/2021,792,WEAPONS POSSESSION 1 & 2,118,DANGEROUS WEAPONS,PL 265031B,F,K,75,0,25-44,M,BLACK,1013179,181100,-73.8957271,40.66371534"
"233750756,09/17/2021,397,ROBBERY-OPEN AREA UNCLASSIFIED,105,ROBBERY,PL 1601503,F,M,13,0,25-44,F,BLACK,988972,207813,-73.9829623,40.73708228"
"232881978,08/29/2021,969,TRAFFIC-UNCLASSIFIED INFRACTIO,881,OTHER TRAFFIC INFRACTION,VTL051101A,M,Q,102,0,18-24,M,WHITE,1020840,191121,-73.86805872,40.69119235"
"233136577,09/04/2021,511,CONTROLLED SUBSTANCE- POSSESSI,235,DANGEROUS DRUGS,PL 2200300,M,M,25,0,25-44,M,ASIAN / PACIFIC ISLANDER,1003625,226929,-73.93003246,40.78953081"
"232436587,08/18/2021,922,TRAFFIC-UNCLASSIFIED MISDEMEAN,348,VEHICLE AND TRAFFIC LAWS,VTL0511001,M,Q,109,0,25-44,M,WHITE HISPANIC,1029176,224095,-73.83777916,40.7816593"
"233899668,09/22/2021,922,TRAFFIC-UNCLASSIFIED MISDEMEAN,348,VEHICLE AND TRAFFIC LAWS,VTL0511001,M,M,14,0,45-64,M,WHITE,986848,212883,-73.99062471,40.75099905"
"232722866,08/25/2021,490,STOLEN PROPERTY 3-POSSESSION,232,POSSESSION OF STOLEN PROPERTY,PL 1654000,M,K,72,0,18-24,M,WHITE HISPANIC,981872,174919,-74.00857075,40.64679678"
"233879112,09/22/2021,109,ASSAULT 2-1-UNCLASSIFIED,106,FELONY ASSAULT,PL 1200501,F,Q,101,0,45-64,M,WHITE HISPANIC,1051771,160771,-73.75682648,40.60770657"
"234332769,09/30/2021,339,LARCENY-PETIT FROM OPEN AREAS-,341,PETIT LARCENY,PL 1552500,M,B,43,0,25-44,M,WHITE HISPANIC,1020183,239283,-73.87017045,40.82338729"
"232181059,08/12/2021,969,TRAFFIC-UNCLASSIFIED INFRACTIO,881,OTHER TRAFFIC INFRACTION,VTL1192AI1,I,Q,107,0,45-64,M,WHITE,1045109,206766,-73.78040412,40.73400041"
"233873167,09/21/2021,114,OBSTR BREATH/CIRCUL,344,ASSAULT 3 & RELATED OFFENSES,PL 121110A,M,Q,102,0,18-24,M,WHITE HISPANIC,1031076,193779,-73.83112954,40.69843969"
"233928285,09/22/2021,511,CONTROLLED SUBSTANCE- POSSESSI,235,DANGEROUS DRUGS,PL 2200300,M,K,77,0,25-44,M,BLACK,1000483,183802,-73.9414832,40.67116411"
"233107799,09/03/2021,339,LARCENY-PETIT FROM OPEN AREAS-,341,PETIT LARCENY,PL 1552500,M,Q,108,0,45-64,M,WHITE HISPANIC,1000351,211524,-73.94189276,40.74725466"
"234172475,09/28/2021,439,LARCENY-GRAND FROM OPEN AREAS- UNATTENDED,109,GRAND LARCENY,PL 1553001,F,Q,113,0,45-64,M,BLACK,1046405,187113,-73.77590919,40.68004873"
"233632421,09/16/2021,511,CONTROLLED SUBSTANCE- POSSESSI,235,DANGEROUS DRUGS,PL 2200300,M,K,73,0,25-44,M,BLACK,1010862,178621,-73.90408849,40.6569183"
"232700115,08/25/2021,114,OBSTR BREATH/CIRCUL,344,ASSAULT 3 & RELATED OFFENSES,PL 1211100,M,B,50,0,25-44,M,BLACK HISPANIC,1012317,256662,-73.89851865,40.871116"
"234257362,09/29/2021,109,ASSAULT 2-1-UNCLASSIFIED,106,FELONY ASSAULT,PL 1200501,F,B,48,0,<18,F,WHITE HISPANIC,1014006,250406,-73.89243945,40.85393965"
"232793414,08/27/2021,507,CONTROLLED SUBSTANCE- POSSESSI,117,DANGEROUS DRUGS,PL 2200602,F,Q,105,0,25-44,M,BLACK,1053966,198208,-73.74853424,40.71044549"
"233261595,09/08/2021,439,LARCENY-GRAND FROM OPEN AREAS- UNATTENDED,109,GRAND LARCENY,PL 1553501,F,M,5,0,25-44,M,BLACK,983903,200257,-74.00125319,40.71634415"
"232487946,08/19/2021,269,MISCHIEF-CRIMINAL-    UNCL 2ND,121,CRIMINAL MISCHIEF & RELATED OF,PL 145004A,M,B,42,0,25-44,M,BLACK,1012059,244779,-73.8995008,40.83850154"
"232700131,08/25/2021,109,ASSAULT 2-1-UNCLASSIFIED,106,FELONY ASSAULT,PL 1200505,F,M,19,0,45-64,M,BLACK,997027,220847,-73.95387139,40.77284933"
"233339722,09/09/2021,339,LARCENY-PETIT FROM OPEN AREAS-,341,PETIT LARCENY,PL 1552500,M,M,6,0,45-64,M,BLACK,986679,207067,-73.99123677,40.73503562"
"233024522,09/01/2021,397,ROBBERY-OPEN AREA UNCLASSIFIED,105,ROBBERY,PL 1600500,F,M,9,0,25-44,M,BLACK,989626,202204,-73.98060685,40.72168657"
"233083952,09/03/2021,748,CONTEMPT-CRIMINAL,359,OFFENSES AGAINST PUBLIC ADMINI,PL 2155002,M,Q,103,0,25-44,M,BLACK HISPANIC,1041879,197084,-73.79214177,40.70744736"
"232215838,08/13/2021,175,SEXUAL ABUSE 3-2,233,SEX CRIMES,PL 13052A1,M,Q,112,0,18-24,M,ASIAN / PACIFIC ISLANDER,1025420,202485,-73.85147389,40.72236369"
"232763908,08/26/2021,748,CONTEMPT-CRIMINAL,359,OFFENSES AGAINST PUBLIC ADMINI,PL 2155003,M,Q,107,0,45-64,M,WHITE,1037112,203051,-73.80928875,40.72385508"
"232221593,08/13/2021,101,ASSAULT 3,344,ASSAULT 3 & RELATED OFFENSES,PL 1200001,M,M,13,0,45-64,M,BLACK HISPANIC,987010,208200,-73.99004194,40.73814533"
"232823072,08/27/2021,101,ASSAULT 3,344,ASSAULT 3 & RELATED OFFENSES,PL 1200001,M,B,50,0,25-44,M,WHITE HISPANIC,1012130,256843,-73.89919403,40.87161338"
"234315974,09/30/2021,397,ROBBERY-OPEN AREA UNCLASSIFIED,105,ROBBERY,PL 1601504,F,M,32,0,<18,M,BLACK,1001347,237142,-73.938233,40.81756739"
"233982109,09/23/2021,848,NY STATE LAWS-UNCLASSIFIED MIS,364,OTHER STATE LAWS (NON PENAL LA,LOC00000MA,M,K,72,0,45-64,M,ASIAN / PACIFIC ISLANDER,984058,178998,-74.00069345,40.65799307"
"233865698,09/21/2021,268,CRIMINAL MIS 2 & 3,121,CRIMINAL MISCHIEF & RELATED OF,PL 1450502,F,K,63,0,25-44,M,BLACK,1000521,168264,-73.9413837,40.6285156"
"232287840,08/15/2021,106,ASSAULT POLICE/PEACE OFFICER,106,FELONY ASSAULT,PL 1200800,F,K,71,0,18-24,M,WHITE HISPANIC,997528,182380,-73.95213846,40.66726596"
"233922837,09/22/2021,397,ROBBERY-OPEN AREA UNCLASSIFIED,105,ROBBERY,PL 1601501,F,M,17,0,25-44,M,BLACK HISPANIC,993166,215386,-73.96781838,40.75786504"
"233067524,09/02/2021,439,LARCENY-GRAND FROM OPEN AREAS- UNATTENDED,109,GRAND LARCENY,PL 1553001,F,K,81,0,45-64,M,BLACK,1005678,188139,-73.922742,40.68305714"
"232478477,08/19/2021,268,CRIMINAL MIS 2 & 3,121,CRIMINAL MISCHIEF & RELATED OF,PL 1450502,F,K,63,0,<18,F,BLACK,1002364,168416,-73.93474372,40.62892923"
"232194511,08/13/2021,397,ROBBERY-OPEN AREA UNCLASSIFIED,105,ROBBERY,PL 1601001,F,Q,109,0,18-24,M,BLACK,1032084,216954,-73.82732958,40.76204389"
"233383574,09/10/2021,705,FORGERY-ETC.-MISD.,358,OFFENSES INVOLVING FRAUD,PL 1702000,M,B,44,0,45-64,M,BLACK HISPANIC,1006537,244511,-73.91945797,40.83778162"
"233407827,09/11/2021,101,ASSAULT 3,344,ASSAULT 3 & RELATED OFFENSES,PL 1200001,M,Q,102,0,25-44,M,WHITE HISPANIC,1031076,193779,-73.83112954,40.69843969"
"233297324,09/08/2021,259,CRIMINAL MISCHIEF-UNCLASSIFIED 4,351,CRIMINAL MISCHIEF & RELATED OF,PL 1450001,M,K,79,0,<18,M,BLACK,999507,190206,-73.94498708,40.68874337"
"232864484,08/29/2021,268,CRIMINAL MIS 2 & 3,121,CRIMINAL MISCHIEF & RELATED OF,PL 1450502,F,K,68,0,25-44,M,WHITE HISPANIC,982766,165998,-74.00534719,40.62231072"
"233123200,09/04/2021,490,STOLEN PROPERTY 3-POSSESSION,232,POSSESSION OF STOLEN PROPERTY,PL 1654000,M,M,26,0,25-44,M,BLACK HISPANIC,994831,232862,-73.9617809,40.80583019"
"232426229,08/18/2021,661,LEWDNESS-PUBLIC,361,OFF. AGNST PUB ORD SENSBLTY &,PL 2450000,M,Q,114,0,65+,M,ASIAN / PACIFIC ISLANDER,1000795,218186,-73.94027397,40.76553933"
"233183426,09/06/2021,244,BURGLARY-UNCLASSIFIED-UNKNOWN,107,BURGLARY,PL 1402501,F,M,9,0,45-64,M,WHITE HISPANIC,987633,203880,-73.987796,40.72628778"
"233161607,09/05/2021,439,LARCENY-GRAND FROM OPEN AREAS- UNATTENDED,109,GRAND LARCENY,PL 1553001,F,B,50,0,25-44,M,BLACK HISPANIC,1010984,261034,-73.90332097,40.88311992"
"232719682,08/25/2021,244,BURGLARY-UNCLASSIFIED-UNKNOWN,107,BURGLARY,PL 1402000,F,M,33,0,25-44,M,WHITE,1002031,245650,-73.93573928,40.84091806"
"234129826,09/27/2021,439,LARCENY-GRAND FROM OPEN AREAS- UNATTENDED,109,GRAND LARCENY,PL 1553004,F,K,60,0,18-24,M,ASIAN / PACIFIC ISLANDER,991778,148367,-73.97290331,40.57391411"
"232823515,08/28/2021,101,ASSAULT 3,344,ASSAULT 3 & RELATED OFFENSES,PL 1200001,M,B,46,0,<18,M,BLACK HISPANIC,1010906,249297,-73.90364973,40.85090567"
"232795923,08/27/2021,339,LARCENY-PETIT FROM OPEN AREAS-,341,PETIT LARCENY,PL 1552500,M,M,30,0,25-44,M,WHITE HISPANIC,996334,239155,-73.95634046,40.82310079"
"232871469,08/29/2021,905,INTOXICATED DRIVING-ALCOHOL,347,INTOXICATED & IMPAIRED DRIVING,VTL11920U2,M,K,62,0,25-44,M,WHITE HISPANIC,981812,159864,-74.00878152,40.60547394"
"233755917,09/18/2021,792,WEAPONS POSSESSION 1 & 2,118,DANGEROUS WEAPONS,PL 265031B,F,M,7,0,25-44,M,WHITE HISPANIC,988225,198161,-73.98566352,40.71059025"
"232687487,08/25/2021,109,ASSAULT 2-1-UNCLASSIFIED,106,FELONY ASSAULT,PL 1200507,F,K,84,0,25-44,M,BLACK,987309,190698,-73.98897094,40.69010642"
"233185257,09/06/2021,339,LARCENY-PETIT FROM OPEN AREAS-,341,PETIT LARCENY,PL 1552500,M,M,18,0,45-64,M,BLACK,985830,216617,-73.99429801,40.76124817"
"233644445,09/16/2021,503,CONTROLLED SUBSTANCE-INTENT TO,117,DANGEROUS DRUGS,PL 2201601,F,B,48,0,25-44,M,BLACK HISPANIC,1015448,250381,-73.88722703,40.85386605"
"232876674,08/29/2021,101,ASSAULT 3,344,ASSAULT 3 & RELATED OFFENSES,PL 1200001,M,Q,103,0,25-44,M,BLACK,1048457,198211,-73.76840521,40.71049541"
"233259548,09/08/2021,397,ROBBERY-OPEN AREA UNCLASSIFIED,105,ROBBERY,PL 1601001,F,M,30,0,25-44,M,WHITE HISPANIC,998371,240146,-73.94897844,40.82581778"
"233950006,09/23/2021,101,ASSAULT 3,344,ASSAULT 3 & RELATED OFFENSES,PL 1200001,M,Q,102,0,25-44,M,ASIAN / PACIFIC ISLANDER,1031076,193779,-73.83112954,40.69843969"
"232905364,08/30/2021,779,PUBLIC ADMINISTRATION-UNCLASSI,126,MISCELLANEOUS PENAL LAW,PL 215510B,F,S,120,0,25-44,M,BLACK,962793,174267,-74.0773213,40.6449815"
"232512633,08/20/2021,101,ASSAULT 3,344,ASSAULT 3 & RELATED OFFENSES,PL 1200001,M,M,23,0,25-44,M,BLACK,998829,226859,-73.94735241,40.78934789"
"234027166,09/24/2021,779,PUBLIC ADMINISTRATION-UNCLASSI,126,MISCELLANEOUS PENAL LAW,PL 215510D,F,Q,113,0,25-44,M,BLACK,1046477,184689,-73.77567199,40.67339491"
"232605747,08/23/2021,109,ASSAULT 2-1-UNCLASSIFIED,106,FELONY ASSAULT,PL 1200506,F,K,84,0,18-24,M,BLACK,988897,192615,-73.98324342,40.69536745"
"233517882,09/14/2021,339,LARCENY-PETIT FROM OPEN AREAS-,341,PETIT LARCENY,PL 1552500,M,B,47,0,25-44,M,WHITE HISPANIC,1026486,262591,-73.84725001,40.88733282"
"232934849,08/31/2021,109,ASSAULT 2-1-UNCLASSIFIED,106,FELONY ASSAULT,PL 1200502,F,Q,106,0,25-44,M,WHITE HISPANIC,1032502,186065,-73.82604211,40.67725891"
"232559588,08/21/2021,,,,,PL 2410202,M,B,41,0,45-64,F,BLACK,1015683,237311,-73.8864388,40.81799187"
"233319988,09/09/2021,639,AGGRAVATED HARASSMENT 2,361,OFF. AGNST PUB ORD SENSBLTY &,PL 2403002,M,K,75,0,25-44,M,BLACK,1017119,183909,-73.88151172,40.67141166"
"233554708,09/14/2021,779,PUBLIC ADMINISTRATION-UNCLASSI,126,MISCELLANEOUS PENAL LAW,PL 215510B,F,K,61,0,45-64,M,WHITE,1001171,159828,-73.93906316,40.60535931"
"233494678,09/13/2021,105,STRANGULATION 1ST,106,FELONY ASSAULT,PL 1211200,F,K,73,0,45-64,M,BLACK,1011055,178343,-73.90339399,40.65615467"
"233392843,09/10/2021,922,TRAFFIC-UNCLASSIFIED MISDEMEAN,348,VEHICLE AND TRAFFIC LAWS,VTL05110A4,M,K,62,0,25-44,M,BLACK,991976,159402,-73.97217797,40.60420282"
"232346642,08/17/2021,681,CHILD- ENDANGERING WELFARE,233,SEX CRIMES,PL 2601001,M,Q,109,0,65+,M,ASIAN / PACIFIC ISLANDER,1032198,217060,-73.82691731,40.76233422"
"232210258,08/13/2021,922,TRAFFIC-UNCLASSIFIED MISDEMEAN,348,VEHICLE AND TRAFFIC LAWS,VTL05110MU,M,K,62,0,25-44,M,BLACK,984662,166678,-73.99851727,40.62417729"
"234096483,09/26/2021,397,ROBBERY-OPEN AREA UNCLASSIFIED,105,ROBBERY,PL 1601001,F,Q,115,0,<18,M,BLACK,1020217,216520,-73.8701695,40.76090892"
"233453216,09/12/2021,109,ASSAULT 2-1-UNCLASSIFIED,106,FELONY ASSAULT,PL 1200501,F,S,120,0,25-44,F,WHITE HISPANIC,955952,161863,-74.10192067,40.61091594"
"234012104,09/24/2021,109,ASSAULT 2-1-UNCLASSIFIED,106,FELONY ASSAULT,PL 1200501,F,K,88,0,25-44,M,BLACK,995302,190524,-73.96014913,40.68962245"
"232419254,08/17/2021,782,WEAPONS- POSSESSION- ETC,236,DANGEROUS WEAPONS,PL 2650102,M,Q,111,0,45-64,M,WHITE,1047985,211993,-73.76997718,40.74832693"
"232258421,08/14/2021,922,TRAFFIC-UNCLASSIFIED MISDEMEAN,348,VEHICLE AND TRAFFIC LAWS,VTL0511001,M,K,67,0,18-24,M,BLACK,998891,174987,-73.94724133,40.64697165"
"232909603,08/30/2021,339,LARCENY-PETIT FROM OPEN AREAS-,341,PETIT LARCENY,PL 1552500,M,M,18,0,45-64,F,ASIAN / PACIFIC ISLANDER,990879,217248,-73.97607167,40.76297776"
"234188818,09/28/2021,109,ASSAULT 2-1-UNCLASSIFIED,106,FELONY ASSAULT,PL 1200700,F,Q,110,0,25-44,M,WHITE HISPANIC,1020237,210724,-73.87012832,40.7450003"
"232609033,08/23/2021,339,LARCENY-PETIT FROM OPEN AREAS-,341,PETIT LARCENY,PL 1552500,M,Q,114,0,45-64,M,WHITE,1007977,217884,-73.91434801,40.76469406"
"233575349,09/15/2021,109,ASSAULT 2-1-UNCLASSIFIED,106,FELONY ASSAULT,PL 1200501,F,K,72,0,45-64,M,BLACK,984058,178998,-74.00069345,40.65799307"
"232822751,08/27/2021,729,FORGERY-ETC.-UNCLASSIFIED-FELO,113,FORGERY,PL 1701501,F,K,70,0,65+,M,BLACK,993409,168457,-73.96700505,40.62905555"
"232317539,08/16/2021,339,LARCENY-PETIT FROM OPEN AREAS-,341,PETIT LARCENY,PL 1552500,M,K,70,0,45-64,F,BLACK,996678,174177,-73.95521756,40.64475175"
"234215461,09/29/2021,397,ROBBERY-OPEN AREA UNCLASSIFIED,105,ROBBERY,PL 160102A,F,M,19,0,45-64,M,WHITE,994297,218680,-73.96373102,40.76690501"
"232258408,08/15/2021,101,ASSAULT 3,344,ASSAULT 3 & RELATED OFFENSES,PL 1200001,M,B,42,0,25-44,M,BLACK HISPANIC,1010859,241026,-73.90385243,40.82820434"
"233225184,09/07/2021,760,BRIBERY-PUBLIC ADMINISTRATION,126,MISCELLANEOUS PENAL LAW,PL 2154002,F,M,14,1,25-44,M,WHITE,987341,215631,-73.98884411,40.75854145"
"233120625,09/04/2021,750,RESISTING ARREST,359,OFFENSES AGAINST PUBLIC ADMINI,PL 2053000,M,K,69,0,45-64,M,BLACK,1012575,170844,-73.89794728,40.63556681"
"232412177,08/18/2021,779,PUBLIC ADMINISTRATION-UNCLASSI,126,MISCELLANEOUS PENAL LAW,PL 215510D,F,M,14,0,25-44,M,BLACK,985802,213781,-73.99439974,40.75346408"
"232237021,08/14/2021,339,LARCENY-PETIT FROM OPEN AREAS-,341,PETIT LARCENY,PL 1552500,M,M,33,0,25-44,M,WHITE HISPANIC,1001452,248252,-73.93782516,40.84806094"
"233328041,09/09/2021,339,LARCENY-PETIT FROM OPEN AREAS-,341,PETIT LARCENY,PL 1552500,M,K,78,0,25-44,M,WHITE HISPANIC,987842,182748,-73.98705322,40.66828526"
"232382972,08/18/2021,729,FORGERY-ETC.-UNCLASSIFIED-FELO,113,FORGERY,PL 1703000,F,K,88,0,18-24,M,BLACK,990355,192214,-73.97798594,40.69426591"
"233828554,09/20/2021,339,LARCENY-PETIT FROM OPEN AREAS-,341,PETIT LARCENY,PL 1552500,M,B,50,0,25-44,M,BLACK,1011853,261707,-73.90017556,40.88496442"
"233720125,09/17/2021,748,CONTEMPT-CRIMINAL,359,OFFENSES AGAINST PUBLIC ADMINI,PL 2155002,M,Q,104,0,25-44,M,WHITE HISPANIC,1013787,195967,-73.8934704,40.70451983"
"233934897,09/22/2021,101,ASSAULT 3,344,ASSAULT 3 & RELATED OFFENSES,PL 1200001,M,Q,102,0,25-44,M,WHITE HISPANIC,1024664,192487,-73.85426129,40.69492506"
"233244687,09/07/2021,439,LARCENY-GRAND FROM OPEN AREAS- UNATTENDED,109,GRAND LARCENY,PL 1553501,F,B,43,0,25-44,M,BLACK,1023979,235129,-73.85647958,40.81196948"
"234260333,09/29/2021,494,STOLEN PROPERTY 2-1-POSSESSION,111,POSSESSION OF STOLEN PROPERTY,PL 1654501,F,K,84,0,45-64,M,BLACK,987759,191193,-73.98734802,40.69146491"
"234032706,09/24/2021,109,ASSAULT 2-1-UNCLASSIFIED,106,FELONY ASSAULT,PL 1200501,F,M,6,0,18-24,M,BLACK,981381,206104,-74.01035339,40.73239229"
"233392341,09/10/2021,101,ASSAULT 3,344,ASSAULT 3 & RELATED OFFENSES,PL 1200001,M,K,79,0,25-44,M,WHITE HISPANIC,1000733,192989,-73.94055951,40.69637986"
"233054232,09/02/2021,793,WEAPONS POSSESSION 3,118,DANGEROUS WEAPONS,PL 2650201,F,M,18,0,25-44,M,BLACK,987424,218566,-73.98854312,40.76659724"
"232664695,08/24/2021,268,CRIMINAL MIS 2 & 3,121,CRIMINAL MISCHIEF & RELATED OF,PL 1451000,F,M,18,0,25-44,M,BLACK,990319,217877,-73.97809262,40.7647046"
"233928299,09/22/2021,748,CONTEMPT-CRIMINAL,359,OFFENSES AGAINST PUBLIC ADMINI,PL 2155003,M,Q,103,0,25-44,M,BLACK,1038424,196170,-73.80461078,40.70496048"
"233486074,09/13/2021,109,ASSAULT 2-1-UNCLASSIFIED,106,FELONY ASSAULT,PL 1200509,F,Q,109,0,45-64,M,BLACK,1031348,215944,-73.82999347,40.75927566"
"233294289,09/08/2021,175,SEXUAL ABUSE 3-2,233,SEX CRIMES,PL 13052A1,M,M,25,0,25-44,F,BLACK,1000555,230994,-73.94110929,40.80069433"
"233934223,09/23/2021,779,PUBLIC ADMINISTRATION-UNCLASSI,126,MISCELLANEOUS PENAL LAW,PL 215510B,F,Q,100,0,25-44,M,WHITE,1041439,155257,-73.79408341,40.5926445"
"232803973,08/27/2021,101,ASSAULT 3,344,ASSAULT 3 & RELATED OFFENSES,PL 1200001,M,K,71,0,25-44,F,BLACK,1000630,178896,-73.9409652,40.65769795"
"232512626,08/20/2021,439,LARCENY-GRAND FROM OPEN AREAS- UNATTENDED,109,GRAND LARCENY,PL 1553004,F,M,30,0,25-44,M,BLACK HISPANIC,996329,238263,-73.95636013,40.82065251"
"233934387,09/23/2021,101,ASSAULT 3,344,ASSAULT 3 & RELATED OFFENSES,PL 1200001,M,B,42,0,18-24,M,BLACK,1011743,244940,-73.90064215,40.83894443"
"232267458,08/15/2021,681,CHILD- ENDANGERING WELFARE,233,SEX CRIMES,PL 2601001,M,Q,102,0,25-44,M,ASIAN / PACIFIC ISLANDER,1030954,193887,-73.83156876,40.69873677"
"232702497,08/25/2021,139,MURDER-UNCLASSIFIED,101,MURDER & NON-NEGL. MANSLAUGHTE,PL 1252501,F,Q,106,0,25-44,M,BLACK,1028605,187930,-73.84007937,40.68239829"
"232398258,08/18/2021,139,MURDER-UNCLASSIFIED,101,MURDER & NON-NEGL. MANSLAUGHTE,PL 1252501,F,Q,113,0,25-44,M,BLACK,1046405,187113,-73.77590919,40.68004873"
"232934827,08/31/2021,101,ASSAULT 3,344,ASSAULT 3 & RELATED OFFENSES,PL 1200001,M,B,49,0,18-24,F,WHITE HISPANIC,1027430,251105,-73.84390995,40.85580274"
"234285905,09/30/2021,494,STOLEN PROPERTY 2-1-POSSESSION,111,POSSESSION OF STOLEN PROPERTY,PL 1655200,F,B,44,0,25-44,M,BLACK HISPANIC,1006537,244511,-73.91945797,40.83778162"
"234260929,09/29/2021,106,ASSAULT POLICE/PEACE OFFICER,106,FELONY ASSAULT,PL 12005A3,F,M,14,0,25-44,M,WHITE HISPANIC,986882,214802,-73.99050125,40.75626621"
"233915155,09/22/2021,729,FORGERY-ETC.-UNCLASSIFIED-FELO,113,FORGERY,PL 1701004,F,M,14,1,25-44,M,BLACK,986944,214915,-73.99027741,40.75657634"
"234226536,09/29/2021,101,ASSAULT 3,344,ASSAULT 3 & RELATED OFFENSES,PL 1200001,M,B,47,0,25-44,M,BLACK,1024846,257598,-73.85321151,40.8736363"
"234316960,09/30/2021,905,INTOXICATED DRIVING-ALCOHOL,347,INTOXICATED & IMPAIRED DRIVING,VTL11920U3,M,Q,104,0,25-44,M,WHITE HISPANIC,1012641,203330,-73.89757262,40.72473325"
"233206194,09/07/2021,511,CONTROLLED SUBSTANCE- POSSESSI,235,DANGEROUS DRUGS,PL 2200300,M,M,14,0,45-64,M,BLACK,986320,212857,-73.99253038,40.75092782"
"232196529,08/13/2021,397,ROBBERY-OPEN AREA UNCLASSIFIED,105,ROBBERY,PL 1601503,F,K,75,0,25-44,M,WHITE HISPANIC,1017119,183909,-73.88151172,40.67141166"
"233596303,09/15/2021,397,ROBBERY-OPEN AREA UNCLASSIFIED,105,ROBBERY,PL 1600500,F,M,1,0,25-44,M,BLACK,980431,197052,-74.01377605,40.70754637"
"232556294,08/21/2021,681,CHILD- ENDANGERING WELFARE,233,SEX CRIMES,PL 2601001,M,B,46,0,25-44,M,BLACK,1011881,250411,-73.90012087,40.85396027"
"233619544,09/16/2021,269,MISCHIEF-CRIMINAL-    UNCL 2ND,121,CRIMINAL MISCHIEF & RELATED OF,PL 1450501,F,B,46,0,45-64,M,BLACK HISPANIC,1008534,252680,-73.91221139,40.86019784"
"232639714,08/24/2021,101,ASSAULT 3,344,ASSAULT 3 & RELATED OFFENSES,PL 1200001,M,S,120,0,18-24,M,WHITE HISPANIC,962793,174267,-74.0773213,40.6449815"
"232317540,08/16/2021,792,WEAPONS POSSESSION 1 & 2,118,DANGEROUS WEAPONS,PL 2650303,F,K,73,0,25-44,F,BLACK,1007691,181770,-73.91550621,40.66557057"
"232588370,08/23/2021,681,CHILD- ENDANGERING WELFARE,233,SEX CRIMES,PL 2601001,M,Q,114,0,25-44,F,WHITE HISPANIC,1007654,219564,-73.91550818,40.76930609"
"233783520,09/19/2021,339,LARCENY-PETIT FROM OPEN AREAS-,341,PETIT LARCENY,PL 1552500,M,B,45,0,25-44,M,BLACK,1031168,254810,-73.83037154,40.86595276"
"233722440,09/17/2021,115,RECKLESS ENDANGERMENT 2,355,OFFENSES AGAINST THE PERSON,PL 1202000,M,Q,103,0,18-24,M,BLACK,1038832,195935,-73.80314114,40.70431296"
"233291321,09/08/2021,511,CONTROLLED SUBSTANCE- POSSESSI,235,DANGEROUS DRUGS,PL 2200300,M,Q,103,0,45-64,M,BLACK,1037831,194658,-73.80676159,40.70081402"
"233508149,09/14/2021,101,ASSAULT 3,344,ASSAULT 3 & RELATED OFFENSES,PL 1200001,M,Q,102,0,45-64,M,ASIAN / PACIFIC ISLANDER,1031076,193779,-73.83112954,40.69843969"
"233549865,09/14/2021,49,U.S. CODE UNCLASSIFIED,995,FOR OTHER AUTHORITIES,FOA9000049,,Q,113,0,25-44,M,BLACK,1039225,181937,-73.80183793,40.66588931"
"233971784,09/23/2021,397,ROBBERY-OPEN AREA UNCLASSIFIED,105,ROBBERY,PL 1601503,F,Q,107,0,18-24,F,BLACK,1036628,204948,-73.81102013,40.72906475"
"233488197,09/13/2021,113,MENACING-UNCLASSIFIED,344,ASSAULT 3 & RELATED OFFENSES,PL 1201401,M,K,61,2,45-64,M,BLACK,1002208,157510,-73.93533473,40.59899483"
